Name,Opp,Tournament,Date,Round,ScoreFor,ScoreAgainst,Difference,Win,Loss,Margin,Source
Victor Chua,Nigel Richards,4th Lim Boon Heng Cup,19 Mar 2006,10,414 -,552,-138,0    -,1,-138,SA
Victor Chua,Nigel Richards,10th Singapore Open Scrabble Championship,27 May 2007,3,385 -,505,-120,0    -,2,-258,SA
Victor Chua,Nigel Richards,6th Lim Boon Heng Cup,16 Mar 2008,3,359 -,343,+16,1    -,2,-242,SA
Victor Chua,Nigel Richards,11th Singapore Open Scrabble Championship,25 May 2008,9,326 -,460,-134,1    -,3,-376,SA
Victor Chua,Nigel Richards,7th Lim Boon Heng Cup,22 Mar 2009,3,372 -,412,-40,1    -,4,-416,SA
Victor Chua,Nigel Richards,12th Singapore Open Scrabble Championship,31 May 2009,7,402 -,586,-184,1    -,5,-600,SA
Victor Chua,Nigel Richards,Yew Tee Scrabble Open Championship 2009,22 Nov 2009,10,368 -,487,-119,1    -,6,-719,SA
Victor Chua,Nigel Richards,8th Lim Boon Heng Cup,7 Mar 2010,4,588 -,409,+179,2    -,6,-540,SA
Victor Chua,Nigel Richards,13th Singapore Open Scrabble Championship,14 Nov 2010,4,446 -,532,-86,2    -,7,-626,SA
Victor Chua,Nigel Richards,Yew Tee Scrabble Open Championship 2010,21 Nov 2010,6,360 -,515,-155,2    -,8,-781,SA
Victor Chua,Aaron Chong,NTU WGS Scrabble Mini 2013,17 Mar 2013,4,494 -,324,+170,1    -,0,+170,SA
Victor Chua,Yeo Kian Hung Henry,4th Lim Boon Heng Cup,19 Mar 2006,1,466 -,421,+45,1    -,0,+45,SA
Victor Chua,Yeo Kian Hung Henry,5th Lim Boon Heng Cup,18 Mar 2007,11,426 -,332,+94,2    -,0,+139,SA
Victor Chua,Yeo Kian Hung Henry,9th SA Millennium Cup,27 Jan 2008,4,371 -,348,+23,3    -,0,+162,SA
Victor Chua,Yeo Kian Hung Henry,9th SA Millennium Cup,27 Jan 2008,16,261 -,542,-281,3    -,1,-119,SA
Victor Chua,Yeo Kian Hung Henry,10th SA Millennium Cup,1 Mar 2009,9,427 -,339,+88,4    -,1,-31,SA
Victor Chua,Yeo Kian Hung Henry,10th SA Millennium Cup,1 Mar 2009,18,428 -,363,+65,5    -,1,+34,SA
Victor Chua,Yeo Kian Hung Henry,12th Singapore Open Scrabble Championship,31 May 2009,10,277 -,525,-248,5    -,2,-214,SA
Victor Chua,Yeo Kian Hung Henry,12th Singapore Open Scrabble Championship,31 May 2009,16,407 -,349,+58,6    -,2,-156,SA
Victor Chua,Yeo Kian Hung Henry,8th Lim Boon Heng Cup,7 Mar 2010,7,422 -,498,-76,6    -,3,-232,SA
Victor Chua,Yeo Kian Hung Henry,12th SA Millennium Cup,23 Jan 2011,14,468 -,332,+136,7    -,3,-96,SA
Victor Chua,Yeo Kian Hung Henry,12th SA Millennium Cup,23 Jan 2011,19,370 -,315,+55,8    -,3,-41,SA
Victor Chua,Jocelyn Lor,4th Lim Boon Heng Cup,19 Mar 2006,11,400 -,489,-89,0    -,1,-89,SA
Victor Chua,Jocelyn Lor,9th Singapore Open Scrabble Championship,28 May 2006,14,449 -,449,0,½ -,1½,-89,SA
Victor Chua,Jocelyn Lor,9th Singapore Open Scrabble Championship,28 May 2006,15,419 -,393,+26,1½ -,1½,-63,SA
Victor Chua,Jocelyn Lor,5th Lim Boon Heng Cup,18 Mar 2007,2,471 -,358,+113,2½ -,1½,+50,SA
Victor Chua,Jocelyn Lor,9th SA Millennium Cup,27 Jan 2008,1,548 -,460,+88,3½ -,1½,+138,SA
Victor Chua,Jocelyn Lor,6th Lim Boon Heng Cup,16 Mar 2008,8,401 -,375,+26,4½ -,1½,+164,SA
Victor Chua,Jocelyn Lor,7th Lim Boon Heng Cup,22 Mar 2009,8,444 -,360,+84,5½ -,1½,+248,SA
Victor Chua,Jocelyn Lor,7th Lim Boon Heng Cup,22 Mar 2009,16,398 -,407,-9,5½ -,2½,+239,SA
Victor Chua,Jocelyn Lor,12th Singapore Open Scrabble Championship,31 May 2009,11,351 -,498,-147,5½ -,3½,+92,SA
Victor Chua,Jocelyn Lor,Yew Tee Scrabble Open Championship 2009,22 Nov 2009,1,412 -,469,-57,5½ -,4½,+35,SA
Victor Chua,Jocelyn Lor,8th Lim Boon Heng Cup,7 Mar 2010,10,383 -,343,+40,6½ -,4½,+75,SA
Victor Chua,Jocelyn Lor,8th Lim Boon Heng Cup,7 Mar 2010,14,478 -,357,+121,7½ -,4½,+196,SA
Victor Chua,Jocelyn Lor,13th Singapore Open Scrabble Championship,14 Nov 2010,13,374 -,384,-10,7½ -,5½,+186,SA
Victor Chua,Jocelyn Lor,Yew Tee Scrabble Open Championship 2010,21 Nov 2010,2,379 -,327,+52,8½ -,5½,+238,SA
Victor Chua,Jocelyn Lor,Yew Tee Scrabble Open Championship 2010,21 Nov 2010,16,329 -,453,-124,8½ -,6½,+114,SA
Victor Chua,Tan Jin Chor,Grandeur 8 mini tournament,28 Sep 2008,2,491 -,377,+114,1    -,0,+114,SA
Victor Chua,Tan Jin Chor,8th Lim Boon Heng Cup,7 Mar 2010,11,448 -,446,+2,2    -,0,+116,SA
Victor Chua,Tan Jin Chor,8th Lim Boon Heng Cup,7 Mar 2010,16,527 -,312,+215,3    -,0,+331,SA
Victor Chua,Alex Tan,13th Singapore Open Scrabble Championship,14 Nov 2010,1,486 -,395,+91,1    -,0,+91,SA
Victor Chua,Alex Tan,13th Singapore Open Scrabble Championship,14 Nov 2010,16,466 -,301,+165,2    -,0,+256,SA
Victor Chua,Alex Tan,13th Singapore Open Scrabble Championship,14 Nov 2010,17,272 -,442,-170,2    -,1,+86,SA
Victor Gwee,Nigel Richards,13th Singapore Open Scrabble Championship,14 Nov 2010,7,336 -,519,-183,0    -,1,-183,SA
Victor Gwee,Aaron Chong,Jurong Green CC mini tournament,12 Aug 2012,5,389 -,511,-122,0    -,1,-122,SA
Victor Gwee,Aaron Chong,15th Singapore Open Scrabble Championship,18 Nov 2012,6,339 -,398,-59,0    -,2,-181,SA
Victor Gwee,Aaron Chong,Jurong Green CC mini tournament,12 May 2013,2,402 -,527,-125,0    -,3,-306,SA
Victor Gwee,Aaron Chong,Jurong Green CC mini tournament,12 May 2013,9,520 -,354,+166,1    -,3,-140,SA
Victor Gwee,Martin Teo,14th Singapore Open Scrabble Championship,27 Nov 2011,10,417 -,365,+52,1    -,0,+52,SA
Victor Gwee,Jocelyn Lor,12th Singapore Open Scrabble Championship,31 May 2009,7,393 -,409,-16,0    -,1,-16,SA
Victor Gwee,Jocelyn Lor,12th Singapore Open Scrabble Championship,31 May 2009,13,416 -,452,-36,0    -,2,-52,SA
Victor Gwee,Jocelyn Lor,13th Singapore Open Scrabble Championship,14 Nov 2010,15,384 -,464,-80,0    -,3,-132,SA
Victor Gwee,Jocelyn Lor,12th SA Millennium Cup,23 Jan 2011,1,441 -,394,+47,1    -,3,-85,SA
Victor Gwee,Jocelyn Lor,12th SA Millennium Cup,23 Jan 2011,10,331 -,386,-55,1    -,4,-140,SA
Victor Gwee,Jocelyn Lor,14th Singapore Open Scrabble Championship,27 Nov 2011,11,249 -,501,-252,1    -,5,-392,SA
Victor Gwee,Jocelyn Lor,13th SA Millennium Cup,15 Jan 2012,13,389 -,423,-34,1    -,6,-426,SA
Victor Gwee,Jocelyn Lor,13th SA Millennium Cup,15 Jan 2012,14,356 -,344,+12,2    -,6,-414,SA
Victor Gwee,Jocelyn Lor,Jurong Green CC mini tournament,12 Aug 2012,9,443 -,418,+25,3    -,6,-389,SA
Victor Gwee,Tan Jin Chor,15th Singapore Open Scrabble Championship,18 Nov 2012,3,343 -,294,+49,1    -,0,+49,SA
Victor Gwee,Alex Tan,13th Singapore Open Scrabble Championship,14 Nov 2010,3,417 -,324,+93,1    -,0,+93,SA
Victor Gwee,Alex Tan,12th SA Millennium Cup,23 Jan 2011,7,413 -,334,+79,2    -,0,+172,SA
Victor Gwee,Alex Tan,12th SA Millennium Cup,23 Jan 2011,16,456 -,277,+179,3    -,0,+351,SA
Marlon Prudencio,Nigel Richards,4th Lim Boon Heng Cup,19 Mar 2006,6,350 -,545,-195,0    -,1,-195,SA
Marlon Prudencio,Nigel Richards,4th Lim Boon Heng Cup,19 Mar 2006,14,383 -,410,-27,0    -,2,-222,SA
Marlon Prudencio,Nigel Richards,10th Singapore Open Scrabble Championship,27 May 2007,12,457 -,440,+17,1    -,2,-205,SA
Marlon Prudencio,Nigel Richards,6th Lim Boon Heng Cup,16 Mar 2008,9,401 -,431,-30,1    -,3,-235,SA
Marlon Prudencio,Nigel Richards,11th Singapore Open Scrabble Championship,25 May 2008,4,462 -,435,+27,2    -,3,-208,SA
Marlon Prudencio,Nigel Richards,7th Lim Boon Heng Cup,22 Mar 2009,2,421 -,466,-45,2    -,4,-253,SA
Marlon Prudencio,Nigel Richards,7th Lim Boon Heng Cup,22 Mar 2009,16,435 -,565,-130,2    -,5,-383,SA
Marlon Prudencio,Nigel Richards,8th Lim Boon Heng Cup,7 Mar 2010,2,361 -,599,-238,2    -,6,-621,SA
Marlon Prudencio,Nigel Richards,13th Singapore Open Scrabble Championship,14 Nov 2010,13,363 -,499,-136,2    -,7,-757,SA
Marlon Prudencio,Nigel Richards,Yew Tee Scrabble Open Championship 2010,21 Nov 2010,4,327 -,463,-136,2    -,8,-893,SA
Marlon Prudencio,Nigel Richards,14th Singapore Open Scrabble Championship,27 Nov 2011,7,457 -,501,-44,2    -,9,-937,SA
Marlon Prudencio,Nigel Richards,15th Singapore Open Scrabble Championship,18 Nov 2012,6,457 -,395,+62,3    -,9,-875,SA
Marlon Prudencio,Nigel Richards,Jurong Green CC Scrabble Open Championship 2013,7 Apr 2013,5,430 -,435,-5,3    -,10,-880,SA
Marlon Prudencio,Nigel Richards,Jurong Green CC Scrabble Open Championship 2014,30 Mar 2014,2,333 -,409,-76,3    -,11,-956,SA
Marlon Prudencio,Aaron Chong,14th Singapore Open Scrabble Championship,27 Nov 2011,3,384 -,382,+2,1    -,0,+2,SA
Marlon Prudencio,Aaron Chong,Jurong Green CC mini tournament,11 Dec 2011,8,411 -,454,-43,1    -,1,-41,SA
Marlon Prudencio,Aaron Chong,Jurong Green CC mini tournament,12 Aug 2012,6,505 -,339,+166,2    -,1,+125,SA
Marlon Prudencio,Aaron Chong,15th Singapore Open Scrabble Championship,18 Nov 2012,10,404 -,488,-84,2    -,2,+41,SA
Marlon Prudencio,Aaron Chong,Jurong Green CC mini tournament,9 Dec 2012,5,413 -,473,-60,2    -,3,-19,SA
Marlon Prudencio,Aaron Chong,14th SA Millennium Cup,13 Jan 2013,6,296 -,533,-237,2    -,4,-256,SA
Marlon Prudencio,Aaron Chong,14th SA Millennium Cup,13 Jan 2013,15,480 -,382,+98,3    -,4,-158,SA
Marlon Prudencio,Aaron Chong,Survivors Only Scrabblathon (SOS),2 Feb 2013,2,382 -,388,-6,3    -,5,-164,SA
Marlon Prudencio,Aaron Chong,Survivors Only Scrabblathon (SOS),2 Feb 2013,7,372 -,525,-153,3    -,6,-317,SA
Marlon Prudencio,Aaron Chong,Jurong Green CC Scrabble Open Championship 2013,7 Apr 2013,6,397 -,454,-57,3    -,7,-374,SA
Marlon Prudencio,Aaron Chong,Jurong Green CC Scrabble Open Championship 2013,7 Apr 2013,16,244 -,492,-248,3    -,8,-622,SA
Marlon Prudencio,Aaron Chong,Jurong Green CC mini tournament,12 May 2013,7,413 -,358,+55,4    -,8,-567,SA
Marlon Prudencio,Aaron Chong,Jurong Green CC mini tournament,12 May 2013,8,451 -,435,+16,5    -,8,-551,SA
Marlon Prudencio,Aaron Chong,Jurong Green CC Scrabble Open Championship 2014,30 Mar 2014,13,342 -,448,-106,5    -,9,-657,SA
Marlon Prudencio,Yeo Kian Hung Henry,8th Singapore Open Scrabble Championship,30 Oct 2005,2,307 -,412,-105,0    -,1,-105,SA
Marlon Prudencio,Yeo Kian Hung Henry,Jurong Green CC mini tournament,15 Oct 2006,6,470 -,348,+122,1    -,1,+17,SA
Marlon Prudencio,Yeo Kian Hung Henry,9th SA Millennium Cup,27 Jan 2008,10,380 -,445,-65,1    -,2,-48,SA
Marlon Prudencio,Yeo Kian Hung Henry,8th Lim Boon Heng Cup,7 Mar 2010,5,496 -,358,+138,2    -,2,+90,SA
Marlon Prudencio,Yeo Kian Hung Henry,12th SA Millennium Cup,23 Jan 2011,4,406 -,386,+20,3    -,2,+110,SA
Marlon Prudencio,Yeo Kian Hung Henry,12th SA Millennium Cup,23 Jan 2011,9,345 -,424,-79,3    -,3,+31,SA
Marlon Prudencio,Yeo Kian Hung Henry,Survivors Only Scrabblathon (SOS),16 Apr 2011,6,411 -,540,-129,3    -,4,-98,SA
Marlon Prudencio,Yeo Kian Hung Henry,Jurong Green CC mini tournament,15 May 2011,7,435 -,365,+70,4    -,4,-28,SA
Marlon Prudencio,Yeo Kian Hung Henry,Bishan Heights RC mini tournament,27 May 2012,6,441 -,360,+81,5    -,4,+53,SA
Marlon Prudencio,Yeo Kian Hung Henry,Oktobertilefest Scrabblemini,6 Oct 2012,1,508 -,374,+134,6    -,4,+187,SA
Marlon Prudencio,Yeo Kian Hung Henry,15th Singapore Open Scrabble Championship,18 Nov 2012,9,361 -,546,-185,6    -,5,+2,SA
Marlon Prudencio,Yeo Kian Hung Henry,Survivors Only Scrabblathon (SOS),2 Feb 2013,1,483 -,372,+111,7    -,5,+113,SA
Marlon Prudencio,Yeo Kian Hung Henry,Grandeur 8 mini tournament,8 Sep 2013,8,406 -,425,-19,7    -,6,+94,SA
Marlon Prudencio,Yeo Kian Hung Henry,Jurong Green CC Scrabble Open Championship 2014,30 Mar 2014,6,413 -,533,-120,7    -,7,-26,SA
Marlon Prudencio,Martin Teo,Yew Tee Scrabble Open Championship 2010,21 Nov 2010,3,562 -,303,+259,1    -,0,+259,SA
Marlon Prudencio,Martin Teo,14th Singapore Open Scrabble Championship,27 Nov 2011,9,359 -,434,-75,1    -,1,+184,SA
Marlon Prudencio,Martin Teo,14th Singapore Open Scrabble Championship,27 Nov 2011,14,298 -,516,-218,1    -,2,-34,SA
Marlon Prudencio,Jocelyn Lor,4th Lim Boon Heng Cup,19 Mar 2006,2,412 -,389,+23,1    -,0,+23,SA
Marlon Prudencio,Jocelyn Lor,9th SA Millennium Cup,27 Jan 2008,6,386 -,321,+65,2    -,0,+88,SA
Marlon Prudencio,Jocelyn Lor,6th Lim Boon Heng Cup,16 Mar 2008,3,364 -,411,-47,2    -,1,+41,SA
Marlon Prudencio,Jocelyn Lor,7th Lim Boon Heng Cup,22 Mar 2009,7,441 -,406,+35,3    -,1,+76,SA
Marlon Prudencio,Jocelyn Lor,Yew Tee Scrabble Open Championship 2009,22 Nov 2009,12,466 -,395,+71,4    -,1,+147,SA
Marlon Prudencio,Jocelyn Lor,8th Lim Boon Heng Cup,7 Mar 2010,8,374 -,507,-133,4    -,2,+14,SA
Marlon Prudencio,Jocelyn Lor,13th Singapore Open Scrabble Championship,14 Nov 2010,7,450 -,463,-13,4    -,3,+1,SA
Marlon Prudencio,Jocelyn Lor,13th Singapore Open Scrabble Championship,14 Nov 2010,16,394 -,429,-35,4    -,4,-34,SA
Marlon Prudencio,Jocelyn Lor,9th Lim Boon Heng Cup,13 Mar 2011,3,399 -,347,+52,5    -,4,+18,SA
Marlon Prudencio,Jocelyn Lor,9th Lim Boon Heng Cup,13 Mar 2011,14,366 -,371,-5,5    -,5,+13,SA
Marlon Prudencio,Jocelyn Lor,Jurong Green CC mini tournament,14 Aug 2011,5,441 -,305,+136,6    -,5,+149,SA
Marlon Prudencio,Jocelyn Lor,13th SA Millennium Cup,15 Jan 2012,9,399 -,436,-37,6    -,6,+112,SA
Marlon Prudencio,Jocelyn Lor,13th SA Millennium Cup,15 Jan 2012,10,381 -,454,-73,6    -,7,+39,SA
Marlon Prudencio,Jocelyn Lor,Jurong Green CC mini tournament,12 Aug 2012,3,420 -,328,+92,7    -,7,+131,SA
Marlon Prudencio,Jocelyn Lor,Jurong Green CC Scrabble Open Championship 2013,7 Apr 2013,3,393 -,435,-42,7    -,8,+89,SA
Marlon Prudencio,Jocelyn Lor,Jurong Green CC Scrabble Open Championship 2013,7 Apr 2013,15,425 -,406,+19,8    -,8,+108,SA
Marlon Prudencio,Jocelyn Lor,mini,1 Dec 2013,7,404 -,377,+27,9    -,8,+135,SA
Marlon Prudencio,Tan Jin Chor,9th Singapore Open Scrabble Championship,28 May 2006,4,578 -,324,+254,1    -,0,+254,SA
Marlon Prudencio,Tan Jin Chor,9th Singapore Open Scrabble Championship,28 May 2006,13,489 -,231,+258,2    -,0,+512,SA
Marlon Prudencio,Tan Jin Chor,8th Lim Boon Heng Cup,7 Mar 2010,9,477 -,345,+132,3    -,0,+644,SA
Marlon Prudencio,Tan Jin Chor,9th Lim Boon Heng Cup,13 Mar 2011,7,331 -,411,-80,3    -,1,+564,SA
Marlon Prudencio,Tan Jin Chor,9th Lim Boon Heng Cup,13 Mar 2011,13,458 -,431,+27,4    -,1,+591,SA
Marlon Prudencio,Tan Jin Chor,14th Singapore Open Scrabble Championship,27 Nov 2011,16,442 -,327,+115,5    -,1,+706,SA
Marlon Prudencio,Tan Jin Chor,15th Singapore Open Scrabble Championship,18 Nov 2012,12,419 -,434,-15,5    -,2,+691,SA
Marlon Prudencio,Alex Tan,13th Singapore Open Scrabble Championship,14 Nov 2010,9,419 -,389,+30,1    -,0,+30,SA
Marlon Prudencio,Alex Tan,Yew Tee Scrabble Open Championship 2010,21 Nov 2010,13,296 -,393,-97,1    -,1,-67,SA
Marlon Prudencio,Alex Tan,Survivors Only Scrabblathon (SOS),16 Apr 2011,11,440 -,388,+52,2    -,1,-15,SA
Ricky Purnomo,Nigel Richards,6th Hong Kah East CC - St John's Institution Annual Friendly,26 Mar 2000,4,340 -,440,-100,0    -,1,-100,SA
Ricky Purnomo,Nigel Richards,3rd Singapore Open Scrabble Championship,21 May 2000,12,407 -,373,+34,1    -,1,-66,SA
Ricky Purnomo,Nigel Richards,Mind Sports Olympiad,10 Sep 2000,4,383 -,414,-31,1    -,2,-97,SA
Ricky Purnomo,Nigel Richards,4th Singapore Open Scrabble Championship,6 May 2001,4,412 -,439,-27,1    -,3,-124,SA
Ricky Purnomo,Nigel Richards,"not the 9th Kenneth Chen Cup, day 1",24 Nov 2001,1,369 -,424,-55,1    -,4,-179,SA
Ricky Purnomo,Nigel Richards,8th Jurong Green CC - St John's Institution Annual Friendly,28 Apr 2002,4,353 -,387,-34,1    -,5,-213,SA
Ricky Purnomo,Nigel Richards,8th Jurong Green CC - St John's Institution Annual Friendly,28 Apr 2002,11,308 -,560,-252,1    -,6,-465,SA
Ricky Purnomo,Nigel Richards,8th Jurong Green CC - St John's Institution Annual Friendly,28 Apr 2002,13,461 -,423,+38,2    -,6,-427,SA
Ricky Purnomo,Nigel Richards,8th Jurong Green CC - St John's Institution Annual Friendly,28 Apr 2002,14,363 -,373,-10,2    -,7,-437,SA
Ricky Purnomo,Nigel Richards,8th Jurong Green CC - St John's Institution Annual Friendly,28 Apr 2002,15,399 -,485,-86,2    -,8,-523,SA
Ricky Purnomo,Nigel Richards,1st Lim Boon Heng Cup,1 Dec 2002,3,301 -,609,-308,2    -,9,-831,SA
Ricky Purnomo,Nigel Richards,6th Singapore Open Scrabble Championship,15 Jun 2003,5,342 -,463,-121,2    -,10,-952,SA
Ricky Purnomo,Nigel Richards,2nd Harmony Cup,7 Sep 2003,14,406 -,592,-186,2    -,11,-1138,SA
Ricky Purnomo,Nigel Richards,2nd Lim Boon Heng Cup,23 Nov 2003,6,451 -,343,+108,3    -,11,-1030,SA
Ricky Purnomo,Nigel Richards,3rd Lim Boon Heng Cup,21 Nov 2004,5,325 -,520,-195,3    -,12,-1225,SA
Ricky Purnomo,Nigel Richards,3rd Lim Boon Heng Cup,21 Nov 2004,11,373 -,414,-41,3    -,13,-1266,SA
Ricky Purnomo,Nigel Richards,3rd Lim Boon Heng Cup,21 Nov 2004,12,311 -,469,-158,3    -,14,-1424,SA
Ricky Purnomo,Nigel Richards,10th Singapore Open Scrabble Championship,27 May 2007,11,494 -,314,+180,4    -,14,-1244,SA
Ricky Purnomo,Nigel Richards,6th Lim Boon Heng Cup,16 Mar 2008,4,364 -,439,-75,4    -,15,-1319,SA
Ricky Purnomo,Nigel Richards,7th Lim Boon Heng Cup,22 Mar 2009,11,341 -,491,-150,4    -,16,-1469,SA
Ricky Purnomo,Nigel Richards,12th Singapore Open Scrabble Championship,31 May 2009,8,402 -,351,+51,5    -,16,-1418,SA
Ricky Purnomo,Nigel Richards,12th Singapore Open Scrabble Championship,31 May 2009,14,360 -,521,-161,5    -,17,-1579,SA
Ricky Purnomo,Nigel Richards,12th Singapore Open Scrabble Championship,31 May 2009,16,391 -,463,-72,5    -,18,-1651,SA
Ricky Purnomo,Nigel Richards,Yew Tee Scrabble Open Championship 2009,22 Nov 2009,5,510 -,359,+151,6    -,18,-1500,SA
Ricky Purnomo,Nigel Richards,Yew Tee Scrabble Open Championship 2009,22 Nov 2009,13,384 -,382,+2,7    -,18,-1498,SA
Ricky Purnomo,Nigel Richards,Yew Tee Scrabble Open Championship 2009,22 Nov 2009,14,301 -,536,-235,7    -,19,-1733,SA
Ricky Purnomo,Nigel Richards,Yew Tee Scrabble Open Championship 2009,22 Nov 2009,15,464 -,541,-77,7    -,20,-1810,SA
Ricky Purnomo,Nigel Richards,8th Lim Boon Heng Cup,7 Mar 2010,13,345 -,440,-95,7    -,21,-1905,SA
Ricky Purnomo,Nigel Richards,Yew Tee Scrabble Open Championship 2010,21 Nov 2010,9,314 -,577,-263,7    -,22,-2168,SA
Ricky Purnomo,Nigel Richards,14th Singapore Open Scrabble Championship,27 Nov 2011,3,397 -,611,-214,7    -,23,-2382,SA
Ricky Purnomo,Nigel Richards,15th Singapore Open Scrabble Championship,18 Nov 2012,11,297 -,501,-204,7    -,24,-2586,SA
Ricky Purnomo,Nigel Richards,Jurong Green CC Scrabble Open Championship 2013,7 Apr 2013,3,384 -,508,-124,7    -,25,-2710,SA
Ricky Purnomo,Nigel Richards,Jurong Green CC Scrabble Open Championship 2014,30 Mar 2014,9,471 -,517,-46,7    -,26,-2756,SA
Ricky Purnomo,Aaron Chong,14th Singapore Open Scrabble Championship,27 Nov 2011,15,353 -,425,-72,0    -,1,-72,SA
Ricky Purnomo,Aaron Chong,Jurong Green CC Scrabble Open Championship 2012,18 Mar 2012,13,366 -,408,-42,0    -,2,-114,SA
Ricky Purnomo,Aaron Chong,Grandeur 8 mini tournament,8 Sep 2012,6,381 -,464,-83,0    -,3,-197,SA
Ricky Purnomo,Aaron Chong,15th Singapore Open Scrabble Championship,18 Nov 2012,7,394 -,355,+39,1    -,3,-158,SA
Ricky Purnomo,Aaron Chong,15th Singapore Open Scrabble Championship,18 Nov 2012,15,460 -,391,+69,2    -,3,-89,SA
Ricky Purnomo,Aaron Chong,15th Singapore Open Scrabble Championship,18 Nov 2012,16,430 -,468,-38,2    -,4,-127,SA
Ricky Purnomo,Aaron Chong,14th SA Millennium Cup,13 Jan 2013,8,379 -,442,-63,2    -,5,-190,SA
Ricky Purnomo,Aaron Chong,14th SA Millennium Cup,13 Jan 2013,17,447 -,474,-27,2    -,6,-217,SA
Ricky Purnomo,Aaron Chong,NTU WGS Scrabble Mini 2013,17 Mar 2013,2,447 -,362,+85,3    -,6,-132,SA
Ricky Purnomo,Aaron Chong,Jurong Green CC Scrabble Open Championship 2013,7 Apr 2013,7,372 -,379,-7,3    -,7,-139,SA
Ricky Purnomo,Aaron Chong,Jurong Green CC Scrabble Open Championship 2014,30 Mar 2014,8,380 -,426,-46,3    -,8,-185,SA
Ricky Purnomo,Vannitha Bala,2nd Lim Boon Heng Cup,23 Nov 2003,9,418 -,292,+126,1    -,0,+126,SA
Ricky Purnomo,Yeo Kian Hung Henry,2nd NTU Open Scrabble Championship,24 Feb 2002,5,412 -,278,+134,1    -,0,+134,SA
Ricky Purnomo,Yeo Kian Hung Henry,1st Temasek Open,3 Mar 2002,7,418 -,390,+28,2    -,0,+162,SA
Ricky Purnomo,Yeo Kian Hung Henry,4th SA Millennium Cup,26 Jan 2003,6,380 -,393,-13,2    -,1,+149,SA
Ricky Purnomo,Yeo Kian Hung Henry,4th SA Millennium Cup,26 Jan 2003,15,511 -,364,+147,3    -,1,+296,SA
Ricky Purnomo,Yeo Kian Hung Henry,6th Singapore Open Scrabble Championship,15 Jun 2003,1,425 -,329,+96,4    -,1,+392,SA
Ricky Purnomo,Yeo Kian Hung Henry,6th Singapore Open Scrabble Championship,15 Jun 2003,13,443 -,397,+46,5    -,1,+438,SA
Ricky Purnomo,Yeo Kian Hung Henry,2nd Harmony Cup,7 Sep 2003,17,404 -,443,-39,5    -,2,+399,SA
Ricky Purnomo,Yeo Kian Hung Henry,2nd Harmony Cup,7 Sep 2003,18,377 -,386,-9,5    -,3,+390,SA
Ricky Purnomo,Yeo Kian Hung Henry,2nd Lim Boon Heng Cup,23 Nov 2003,12,377 -,317,+60,6    -,3,+450,SA
Ricky Purnomo,Yeo Kian Hung Henry,7th Singapore Open Scrabble Championship,6 Jun 2004,7,326 -,461,-135,6    -,4,+315,SA
Ricky Purnomo,Yeo Kian Hung Henry,Teck Ghee Zone B Residents' Committee mini tournament,5 Jun 2005,2,602 -,366,+236,7    -,4,+551,SA
Ricky Purnomo,Yeo Kian Hung Henry,8th Singapore Open Scrabble Championship,30 Oct 2005,11,455 -,346,+109,8    -,4,+660,SA
Ricky Purnomo,Yeo Kian Hung Henry,8th Singapore Open Scrabble Championship,30 Oct 2005,15,531 -,306,+225,9    -,4,+885,SA
Ricky Purnomo,Yeo Kian Hung Henry,4th Lim Boon Heng Cup,19 Mar 2006,9,380 -,522,-142,9    -,5,+743,SA
Ricky Purnomo,Yeo Kian Hung Henry,4th Lim Boon Heng Cup,19 Mar 2006,14,416 -,395,+21,10    -,5,+764,SA
Ricky Purnomo,Yeo Kian Hung Henry,Jurong Green CC mini tournament,15 Oct 2006,2,416 -,429,-13,10    -,6,+751,SA
Ricky Purnomo,Yeo Kian Hung Henry,5th Lim Boon Heng Cup,18 Mar 2007,4,371 -,486,-115,10    -,7,+636,SA
Ricky Purnomo,Yeo Kian Hung Henry,10th SA Millennium Cup,1 Mar 2009,8,461 -,385,+76,11    -,7,+712,SA
Ricky Purnomo,Yeo Kian Hung Henry,10th SA Millennium Cup,1 Mar 2009,17,355 -,476,-121,11    -,8,+591,SA
Ricky Purnomo,Yeo Kian Hung Henry,12th Singapore Open Scrabble Championship,31 May 2009,7,455 -,399,+56,12    -,8,+647,SA
Ricky Purnomo,Yeo Kian Hung Henry,12th Singapore Open Scrabble Championship,31 May 2009,13,501 -,455,+46,13    -,8,+693,SA
Ricky Purnomo,Yeo Kian Hung Henry,8th Lim Boon Heng Cup,7 Mar 2010,4,329 -,451,-122,13    -,9,+571,SA
Ricky Purnomo,Yeo Kian Hung Henry,12th SA Millennium Cup,23 Jan 2011,5,507 -,400,+107,14    -,9,+678,SA
Ricky Purnomo,Yeo Kian Hung Henry,12th SA Millennium Cup,23 Jan 2011,10,380 -,433,-53,14    -,10,+625,SA
Ricky Purnomo,Yeo Kian Hung Henry,12th SA Millennium Cup,23 Jan 2011,12,411 -,446,-35,14    -,11,+590,SA
Ricky Purnomo,Yeo Kian Hung Henry,12th SA Millennium Cup,23 Jan 2011,17,446 -,398,+48,15    -,11,+638,SA
Ricky Purnomo,Yeo Kian Hung Henry,9th Lim Boon Heng Cup,13 Mar 2011,4,362 -,388,-26,15    -,12,+612,SA
Ricky Purnomo,Yeo Kian Hung Henry,Survivors Only Scrabblathon (SOS),16 Apr 2011,1,344 -,420,-76,15    -,13,+536,SA
Ricky Purnomo,Yeo Kian Hung Henry,Survivors Only Scrabblathon (SOS),16 Apr 2011,11,374 -,424,-50,15    -,14,+486,SA
Ricky Purnomo,Yeo Kian Hung Henry,Jurong Green CC mini tournament,15 May 2011,2,486 -,371,+115,16    -,14,+601,SA
Ricky Purnomo,Yeo Kian Hung Henry,14th Singapore Open Scrabble Championship,27 Nov 2011,12,462 -,420,+42,17    -,14,+643,SA
Ricky Purnomo,Yeo Kian Hung Henry,14th Singapore Open Scrabble Championship,27 Nov 2011,14,443 -,443,0,17½ -,14½,+643,SA
Ricky Purnomo,Yeo Kian Hung Henry,Jurong Green CC Scrabble Open Championship 2012,18 Mar 2012,3,391 -,377,+14,18½ -,14½,+657,SA
Ricky Purnomo,Yeo Kian Hung Henry,15th Singapore Open Scrabble Championship,18 Nov 2012,10,364 -,417,-53,18½ -,15½,+604,SA
Ricky Purnomo,Yeo Kian Hung Henry,Grandeur 8 mini tournament,8 Sep 2013,11,484 -,318,+166,19½ -,15½,+770,SA
Ricky Purnomo,Yeo Kian Hung Henry,Jurong Green CC Scrabble Open Championship 2014,30 Mar 2014,1,485 -,331,+154,20½ -,15½,+924,SA
Ricky Purnomo,Martin Teo,Yew Tee Scrabble Open Championship 2010,21 Nov 2010,13,444 -,374,+70,1    -,0,+70,SA
Ricky Purnomo,Martin Teo,Survivors Only Scrabblathon (SOS),16 Apr 2011,2,369 -,524,-155,1    -,1,-85,SA
Ricky Purnomo,Martin Teo,Survivors Only Scrabblathon (SOS),16 Apr 2011,6,506 -,377,+129,2    -,1,+44,SA
Ricky Purnomo,Martin Teo,14th Singapore Open Scrabble Championship,27 Nov 2011,2,483 -,422,+61,3    -,1,+105,SA
Ricky Purnomo,Jocelyn Lor,2nd Singapore Open Scrabble Championship,30 May 1999,2,342 -,274,+68,1    -,0,+68,SA
Ricky Purnomo,Jocelyn Lor,6th Hong Kah East CC - St John's Institution Annual Friendly,26 Mar 2000,7,351 -,405,-54,1    -,1,+14,SA
Ricky Purnomo,Jocelyn Lor,Mind Sports Olympiad,10 Sep 2000,7,422 -,449,-27,1    -,2,-13,SA
Ricky Purnomo,Jocelyn Lor,Mind Sports Olympiad,10 Sep 2000,20,490 -,375,+115,2    -,2,+102,SA
Ricky Purnomo,Jocelyn Lor,4th Singapore Open Scrabble Championship,6 May 2001,11,330 -,387,-57,2    -,3,+45,SA
Ricky Purnomo,Jocelyn Lor,4th Singapore Open Scrabble Championship,6 May 2001,14,436 -,435,+1,3    -,3,+46,SA
Ricky Purnomo,Jocelyn Lor,"not the 9th Kenneth Chen Cup, day 1",24 Nov 2001,6,318 -,395,-77,3    -,4,-31,SA
Ricky Purnomo,Jocelyn Lor,"not the 9th Kenneth Chen Cup, day 2",25 Nov 2001,4,371 -,441,-70,3    -,5,-101,SA
Ricky Purnomo,Jocelyn Lor,1st Temasek Open,3 Mar 2002,10,439 -,370,+69,4    -,5,-32,SA
Ricky Purnomo,Jocelyn Lor,1st Lim Boon Heng Cup,1 Dec 2002,5,391 -,438,-47,4    -,6,-79,SA
Ricky Purnomo,Jocelyn Lor,2nd Temasek Open,16 Mar 2003,5,414 -,397,+17,5    -,6,-62,SA
Ricky Purnomo,Jocelyn Lor,2nd Harmony Cup,7 Sep 2003,11,437 -,360,+77,6    -,6,+15,SA
Ricky Purnomo,Jocelyn Lor,2nd Lim Boon Heng Cup,23 Nov 2003,2,500 -,336,+164,7    -,6,+179,SA
Ricky Purnomo,Jocelyn Lor,7th Singapore Open Scrabble Championship,6 Jun 2004,9,431 -,363,+68,8    -,6,+247,SA
Ricky Purnomo,Jocelyn Lor,4th Lim Boon Heng Cup,19 Mar 2006,3,398 -,402,-4,8    -,7,+243,SA
Ricky Purnomo,Jocelyn Lor,5th Lim Boon Heng Cup,18 Mar 2007,14,364 -,525,-161,8    -,8,+82,SA
Ricky Purnomo,Jocelyn Lor,6th Lim Boon Heng Cup,16 Mar 2008,9,462 -,358,+104,9    -,8,+186,SA
Ricky Purnomo,Jocelyn Lor,7th Lim Boon Heng Cup,22 Mar 2009,15,343 -,388,-45,9    -,9,+141,SA
Ricky Purnomo,Jocelyn Lor,8th Lim Boon Heng Cup,7 Mar 2010,7,469 -,405,+64,10    -,9,+205,SA
Ricky Purnomo,Jocelyn Lor,9th Lim Boon Heng Cup,13 Mar 2011,16,388 -,356,+32,11    -,9,+237,SA
Ricky Purnomo,Jocelyn Lor,Survivors Only Scrabblathon (SOS),16 Apr 2011,8,459 -,261,+198,12    -,9,+435,SA
Ricky Purnomo,Jocelyn Lor,13th SA Millennium Cup,15 Jan 2012,3,437 -,388,+49,13    -,9,+484,SA
Ricky Purnomo,Jocelyn Lor,13th SA Millennium Cup,15 Jan 2012,4,430 -,376,+54,14    -,9,+538,SA
Ricky Purnomo,Jocelyn Lor,13th SA Millennium Cup,15 Jan 2012,15,593 -,350,+243,15    -,9,+781,SA
Ricky Purnomo,Jocelyn Lor,13th SA Millennium Cup,15 Jan 2012,16,439 -,423,+16,16    -,9,+797,SA
Ricky Purnomo,Jocelyn Lor,Jurong Green CC Scrabble Open Championship 2012,18 Mar 2012,4,354 -,438,-84,16    -,10,+713,SA
Ricky Purnomo,Jocelyn Lor,Jurong Green CC Scrabble Open Championship 2013,7 Apr 2013,13,352 -,496,-144,16    -,11,+569,SA
Ricky Purnomo,Tan Jin Chor,2nd Singapore Open Scrabble Championship,30 May 1999,3,344 -,397,-53,0    -,1,-53,SA
Ricky Purnomo,Tan Jin Chor,Mind Sports Olympiad,10 Sep 2000,17,368 -,463,-95,0    -,2,-148,SA
Ricky Purnomo,Tan Jin Chor,"not the 9th Kenneth Chen Cup, day 2",25 Nov 2001,3,361 -,449,-88,0    -,3,-236,SA
Ricky Purnomo,Tan Jin Chor,"not the 9th Kenneth Chen Cup, day 2",25 Nov 2001,9,455 -,399,+56,1    -,3,-180,SA
Ricky Purnomo,Tan Jin Chor,Grandeur 8 mini tournament,28 Sep 2008,9,371 -,375,-4,1    -,4,-184,SA
Ricky Purnomo,Tan Jin Chor,8th Lim Boon Heng Cup,7 Mar 2010,8,409 -,460,-51,1    -,5,-235,SA
Ricky Purnomo,Alex Tan,1st Temasek Open,3 Mar 2002,5,442 -,380,+62,1    -,0,+62,SA
Ricky Purnomo,Alex Tan,1st Temasek Open,3 Mar 2002,11,438 -,434,+4,2    -,0,+66,SA
Ricky Purnomo,Alex Tan,8th Jurong Green CC - St John's Institution Annual Friendly,28 Apr 2002,6,418 -,441,-23,2    -,1,+43,SA
Ricky Purnomo,Alex Tan,1st Lim Boon Heng Cup,1 Dec 2002,10,392 -,373,+19,3    -,1,+62,SA
Ricky Purnomo,Alex Tan,4th SA Millennium Cup,26 Jan 2003,5,446 -,287,+159,4    -,1,+221,SA
Ricky Purnomo,Alex Tan,4th SA Millennium Cup,26 Jan 2003,14,442 -,369,+73,5    -,1,+294,SA
Ricky Purnomo,Alex Tan,2nd Temasek Open,16 Mar 2003,1,364 -,434,-70,5    -,2,+224,SA
Ricky Purnomo,Alex Tan,2nd Temasek Open,16 Mar 2003,10,453 -,373,+80,6    -,2,+304,SA
Ricky Purnomo,Alex Tan,9th Lim Boon Heng Cup,13 Mar 2011,5,366 -,416,-50,6    -,3,+254,SA
Ricky Purnomo,Alex Tan,14th Singapore Open Scrabble Championship,27 Nov 2011,5,387 -,494,-107,6    -,4,+147,SA
Shim Yen Nee,Nigel Richards,6th Singapore Open Scrabble Championship,15 Jun 2003,1,377 -,420,-43,0    -,1,-43,SA
Shim Yen Nee,Nigel Richards,2nd Harmony Cup,7 Sep 2003,1,423 -,437,-14,0    -,2,-57,SA
Shim Yen Nee,Nigel Richards,2nd Lim Boon Heng Cup,23 Nov 2003,5,305 -,459,-154,0    -,3,-211,SA
Shim Yen Nee,Nigel Richards,2nd Lim Boon Heng Cup,23 Nov 2003,16,349 -,507,-158,0    -,4,-369,SA
Shim Yen Nee,Nigel Richards,7th Singapore Open Scrabble Championship,6 Jun 2004,1,405 -,452,-47,0    -,5,-416,SA
Shim Yen Nee,Nigel Richards,3rd Lim Boon Heng Cup,21 Nov 2004,1,407 -,393,+14,1    -,5,-402,SA
Shim Yen Nee,Nigel Richards,4th Lim Boon Heng Cup,19 Mar 2006,1,303 -,548,-245,1    -,6,-647,SA
Shim Yen Nee,Nigel Richards,10th Singapore Open Scrabble Championship,27 May 2007,7,396 -,534,-138,1    -,7,-785,SA
Shim Yen Nee,Nigel Richards,6th Lim Boon Heng Cup,16 Mar 2008,1,388 -,385,+3,2    -,7,-782,SA
Shim Yen Nee,Nigel Richards,11th Singapore Open Scrabble Championship,25 May 2008,7,367 -,411,-44,2    -,8,-826,SA
Shim Yen Nee,Nigel Richards,7th Lim Boon Heng Cup,22 Mar 2009,10,372 -,548,-176,2    -,9,-1002,SA
Shim Yen Nee,Nigel Richards,12th Singapore Open Scrabble Championship,31 May 2009,6,388 -,549,-161,2    -,10,-1163,SA
Shim Yen Nee,Nigel Richards,8th Lim Boon Heng Cup,7 Mar 2010,5,384 -,531,-147,2    -,11,-1310,SA
Shim Yen Nee,Nigel Richards,13th Singapore Open Scrabble Championship,14 Nov 2010,3,286 -,581,-295,2    -,12,-1605,SA
Shim Yen Nee,Nigel Richards,15th Singapore Open Scrabble Championship,18 Nov 2012,2,305 -,534,-229,2    -,13,-1834,SA
Shim Yen Nee,Aaron Chong,Survivors Only Scrabblathon (SOS),16 Apr 2011,6,372 -,447,-75,0    -,1,-75,SA
Shim Yen Nee,Aaron Chong,Survivors Only Scrabblathon (SOS),16 Apr 2011,8,349 -,417,-68,0    -,2,-143,SA
Shim Yen Nee,Aaron Chong,Jurong Green CC mini tournament,11 Dec 2011,6,413 -,476,-63,0    -,3,-206,SA
Shim Yen Nee,Aaron Chong,Jurong Green CC mini tournament,12 Aug 2012,7,409 -,530,-121,0    -,4,-327,SA
Shim Yen Nee,Aaron Chong,14th SA Millennium Cup,13 Jan 2013,1,347 -,529,-182,0    -,5,-509,SA
Shim Yen Nee,Aaron Chong,14th SA Millennium Cup,13 Jan 2013,10,357 -,508,-151,0    -,6,-660,SA
Shim Yen Nee,Aaron Chong,Survivors Only Scrabblathon (SOS),2 Feb 2013,5,431 -,331,+100,1    -,6,-560,SA
Shim Yen Nee,Aaron Chong,Survivors Only Scrabblathon (SOS),2 Feb 2013,8,345 -,705,-360,1    -,7,-920,SA
Shim Yen Nee,Aaron Chong,Survivors Only Scrabblathon (SOS),2 Feb 2013,10,310 -,497,-187,1    -,8,-1107,SA
Shim Yen Nee,Yeo Kian Hung Henry,2nd Temasek Open,16 Mar 2003,9,391 -,414,-23,0    -,1,-23,SA
Shim Yen Nee,Yeo Kian Hung Henry,2nd Harmony Cup,7 Sep 2003,4,356 -,403,-47,0    -,2,-70,SA
Shim Yen Nee,Yeo Kian Hung Henry,Jurong Green CC mini tournament,5 Oct 2003,2,314 -,321,-7,0    -,3,-77,SA
Shim Yen Nee,Yeo Kian Hung Henry,Jurong Green CC mini tournament,5 Oct 2003,8,368 -,430,-62,0    -,4,-139,SA
Shim Yen Nee,Yeo Kian Hung Henry,7th Singapore Open Scrabble Championship,6 Jun 2004,5,355 -,388,-33,0    -,5,-172,SA
Shim Yen Nee,Yeo Kian Hung Henry,7th Singapore Open Scrabble Championship,6 Jun 2004,14,406 -,440,-34,0    -,6,-206,SA
Shim Yen Nee,Yeo Kian Hung Henry,Teck Ghee Zone B Residents' Committee mini tournament,5 Jun 2005,9,386 -,399,-13,0    -,7,-219,SA
Shim Yen Nee,Yeo Kian Hung Henry,4th Lim Boon Heng Cup,19 Mar 2006,7,431 -,362,+69,1    -,7,-150,SA
Shim Yen Nee,Yeo Kian Hung Henry,Grandeur 8 mini tournament,27 Aug 2006,10,363 -,526,-163,1    -,8,-313,SA
Shim Yen Nee,Yeo Kian Hung Henry,9th SA Millennium Cup,27 Jan 2008,9,435 -,429,+6,2    -,8,-307,SA
Shim Yen Nee,Yeo Kian Hung Henry,10th SA Millennium Cup,1 Mar 2009,6,400 -,429,-29,2    -,9,-336,SA
Shim Yen Nee,Yeo Kian Hung Henry,10th SA Millennium Cup,1 Mar 2009,15,329 -,461,-132,2    -,10,-468,SA
Shim Yen Nee,Yeo Kian Hung Henry,12th Singapore Open Scrabble Championship,31 May 2009,5,365 -,407,-42,2    -,11,-510,SA
Shim Yen Nee,Yeo Kian Hung Henry,8th Lim Boon Heng Cup,7 Mar 2010,8,379 -,406,-27,2    -,12,-537,SA
Shim Yen Nee,Yeo Kian Hung Henry,9th Lim Boon Heng Cup,13 Mar 2011,2,257 -,562,-305,2    -,13,-842,SA
Shim Yen Nee,Yeo Kian Hung Henry,Survivors Only Scrabblathon (SOS),16 Apr 2011,4,477 -,414,+63,3    -,13,-779,SA
Shim Yen Nee,Yeo Kian Hung Henry,Jurong Green CC mini tournament,15 May 2011,4,416 -,374,+42,4    -,13,-737,SA
Shim Yen Nee,Yeo Kian Hung Henry,14th Singapore Open Scrabble Championship,27 Nov 2011,10,390 -,486,-96,4    -,14,-833,SA
Shim Yen Nee,Yeo Kian Hung Henry,Oktobertilefest Scrabblemini,6 Oct 2012,9,355 -,411,-56,4    -,15,-889,SA
Shim Yen Nee,Yeo Kian Hung Henry,15th Singapore Open Scrabble Championship,18 Nov 2012,5,379 -,469,-90,4    -,16,-979,SA
Shim Yen Nee,Martin Teo,Yew Tee Scrabble Open Championship 2010,21 Nov 2010,9,478 -,527,-49,0    -,1,-49,SA
Shim Yen Nee,Martin Teo,Survivors Only Scrabblathon (SOS),16 Apr 2011,11,520 -,344,+176,1    -,1,+127,SA
Shim Yen Nee,Jocelyn Lor,1st Lim Boon Heng Cup,1 Dec 2002,8,346 -,433,-87,0    -,1,-87,SA
Shim Yen Nee,Jocelyn Lor,2nd Temasek Open,16 Mar 2003,6,343 -,303,+40,1    -,1,-47,SA
Shim Yen Nee,Jocelyn Lor,2nd Temasek Open,16 Mar 2003,14,280 -,430,-150,1    -,2,-197,SA
Shim Yen Nee,Jocelyn Lor,2nd Harmony Cup,7 Sep 2003,2,374 -,463,-89,1    -,3,-286,SA
Shim Yen Nee,Jocelyn Lor,2nd Lim Boon Heng Cup,23 Nov 2003,11,357 -,351,+6,2    -,3,-280,SA
Shim Yen Nee,Jocelyn Lor,8th Singapore Open Scrabble Championship,30 Oct 2005,4,341 -,383,-42,2    -,4,-322,SA
Shim Yen Nee,Jocelyn Lor,4th Lim Boon Heng Cup,19 Mar 2006,8,361 -,408,-47,2    -,5,-369,SA
Shim Yen Nee,Jocelyn Lor,9th Singapore Open Scrabble Championship,28 May 2006,12,330 -,448,-118,2    -,6,-487,SA
Shim Yen Nee,Jocelyn Lor,9th SA Millennium Cup,27 Jan 2008,5,401 -,363,+38,3    -,6,-449,SA
Shim Yen Nee,Jocelyn Lor,6th Lim Boon Heng Cup,16 Mar 2008,10,440 -,352,+88,4    -,6,-361,SA
Shim Yen Nee,Jocelyn Lor,7th Lim Boon Heng Cup,22 Mar 2009,1,416 -,282,+134,5    -,6,-227,SA
Shim Yen Nee,Jocelyn Lor,12th Singapore Open Scrabble Championship,31 May 2009,12,368 -,409,-41,5    -,7,-268,SA
Shim Yen Nee,Jocelyn Lor,Yew Tee Scrabble Open Championship 2009,22 Nov 2009,9,344 -,482,-138,5    -,8,-406,SA
Shim Yen Nee,Jocelyn Lor,Yew Tee Scrabble Open Championship 2009,22 Nov 2009,14,457 -,423,+34,6    -,8,-372,SA
Shim Yen Nee,Jocelyn Lor,8th Lim Boon Heng Cup,7 Mar 2010,11,379 -,313,+66,7    -,8,-306,SA
Shim Yen Nee,Jocelyn Lor,13th Singapore Open Scrabble Championship,14 Nov 2010,12,413 -,351,+62,8    -,8,-244,SA
Shim Yen Nee,Jocelyn Lor,Yew Tee Scrabble Open Championship 2010,21 Nov 2010,5,472 -,321,+151,9    -,8,-93,SA
Shim Yen Nee,Jocelyn Lor,12th SA Millennium Cup,23 Jan 2011,9,407 -,349,+58,10    -,8,-35,SA
Shim Yen Nee,Jocelyn Lor,12th SA Millennium Cup,23 Jan 2011,18,526 -,330,+196,11    -,8,+161,SA
Shim Yen Nee,Jocelyn Lor,9th Lim Boon Heng Cup,13 Mar 2011,9,400 -,407,-7,11    -,9,+154,SA
Shim Yen Nee,Jocelyn Lor,14th Singapore Open Scrabble Championship,27 Nov 2011,12,390 -,436,-46,11    -,10,+108,SA
Shim Yen Nee,Jocelyn Lor,Jurong Green CC mini tournament,12 Aug 2012,5,410 -,379,+31,12    -,10,+139,SA
Shim Yen Nee,Tan Jin Chor,7th Singapore Open Scrabble Championship,6 Jun 2004,2,404 -,303,+101,1    -,0,+101,SA
Shim Yen Nee,Tan Jin Chor,9th Singapore Open Scrabble Championship,28 May 2006,8,324 -,441,-117,1    -,1,-16,SA
Shim Yen Nee,Tan Jin Chor,Grandeur 8 mini tournament,28 Sep 2008,6,431 -,408,+23,2    -,1,+7,SA
Shim Yen Nee,Tan Jin Chor,8th Lim Boon Heng Cup,7 Mar 2010,12,443 -,373,+70,3    -,1,+77,SA
Shim Yen Nee,Tan Jin Chor,9th Lim Boon Heng Cup,13 Mar 2011,10,315 -,458,-143,3    -,2,-66,SA
Shim Yen Nee,Tan Jin Chor,14th Singapore Open Scrabble Championship,27 Nov 2011,8,455 -,417,+38,4    -,2,-28,SA
Shim Yen Nee,Tan Jin Chor,14th Singapore Open Scrabble Championship,27 Nov 2011,14,433 -,432,+1,5    -,2,-27,SA
Shim Yen Nee,Tan Jin Chor,15th Singapore Open Scrabble Championship,18 Nov 2012,10,388 -,436,-48,5    -,3,-75,SA
Shim Yen Nee,Tan Jin Chor,15th Singapore Open Scrabble Championship,18 Nov 2012,15,445 -,315,+130,6    -,3,+55,SA
Shim Yen Nee,Alex Tan,8th Jurong Green CC - St John's Institution Annual Friendly,28 Apr 2002,1,300 -,430,-130,0    -,1,-130,SA
Shim Yen Nee,Alex Tan,1st Lim Boon Heng Cup,1 Dec 2002,16,309 -,602,-293,0    -,2,-423,SA
Shim Yen Nee,Alex Tan,13th Singapore Open Scrabble Championship,14 Nov 2010,14,315 -,490,-175,0    -,3,-598,SA
Shim Yen Nee,Alex Tan,12th SA Millennium Cup,23 Jan 2011,8,376 -,404,-28,0    -,4,-626,SA
Shim Yen Nee,Alex Tan,12th SA Millennium Cup,23 Jan 2011,17,608 -,338,+270,1    -,4,-356,SA
Shim Yen Nee,Alex Tan,9th Lim Boon Heng Cup,13 Mar 2011,7,395 -,473,-78,1    -,5,-434,SA
Shim Yen Nee,Alex Tan,Survivors Only Scrabblathon (SOS),16 Apr 2011,10,374 -,404,-30,1    -,6,-464,SA
Shim Yen Nee,Alex Tan,Survivors Only Scrabblathon (SOS),16 Apr 2011,12,250 -,516,-266,1    -,7,-730,SA
Tony Sim,Nigel Richards,6th Hong Kah East CC - St John's Institution Annual Friendly,26 Mar 2000,8,384 -,517,-133,0    -,1,-133,SA
Tony Sim,Nigel Richards,3rd Singapore Open Scrabble Championship,21 May 2000,2,446 -,448,-2,0    -,2,-135,SA
Tony Sim,Nigel Richards,Mind Sports Olympiad,10 Sep 2000,2,494 -,441,+53,1    -,2,-82,SA
Tony Sim,Nigel Richards,Mind Sports Olympiad,10 Sep 2000,20,355 -,427,-72,1    -,3,-154,SA
Tony Sim,Nigel Richards,8th Kenneth Chen Cup,26 Nov 2000,4,322 -,520,-198,1    -,4,-352,SA
Tony Sim,Nigel Richards,8th Kenneth Chen Cup,26 Nov 2000,13,333 -,569,-236,1    -,5,-588,SA
Tony Sim,Nigel Richards,4th Singapore Open Scrabble Championship,6 May 2001,15,432 -,414,+18,2    -,5,-570,SA
Tony Sim,Nigel Richards,4th Singapore Open Scrabble Championship,6 May 2001,16,242 -,504,-262,2    -,6,-832,SA
Tony Sim,Nigel Richards,"not the 9th Kenneth Chen Cup, day 1",24 Nov 2001,3,480 -,500,-20,2    -,7,-852,SA
Tony Sim,Nigel Richards,"not the 9th Kenneth Chen Cup, day 2",25 Nov 2001,8,432 -,442,-10,2    -,8,-862,SA
Tony Sim,Nigel Richards,1st Temasek Open,3 Mar 2002,4,409 -,477,-68,2    -,9,-930,SA
Tony Sim,Nigel Richards,8th Jurong Green CC - St John's Institution Annual Friendly,28 Apr 2002,6,416 -,495,-79,2    -,10,-1009,SA
Tony Sim,Nigel Richards,8th Jurong Green CC - St John's Institution Annual Friendly,28 Apr 2002,12,340 -,493,-153,2    -,11,-1162,SA
Tony Sim,Nigel Richards,5th Singapore Open Scrabble Championship,2 Jun 2002,5,445 -,477,-32,2    -,12,-1194,SA
Tony Sim,Nigel Richards,1st Lim Boon Heng Cup,1 Dec 2002,5,433 -,362,+71,3    -,12,-1123,SA
Tony Sim,Nigel Richards,1st Lim Boon Heng Cup,1 Dec 2002,13,414 -,482,-68,3    -,13,-1191,SA
Tony Sim,Nigel Richards,1st Lim Boon Heng Cup,1 Dec 2002,16,383 -,365,+18,4    -,13,-1173,SA
Tony Sim,Nigel Richards,6th Singapore Open Scrabble Championship,15 Jun 2003,7,393 -,491,-98,4    -,14,-1271,SA
Tony Sim,Nigel Richards,6th Singapore Open Scrabble Championship,15 Jun 2003,14,358 -,519,-161,4    -,15,-1432,SA
Tony Sim,Nigel Richards,2nd Harmony Cup,7 Sep 2003,16,377 -,489,-112,4    -,16,-1544,SA
Tony Sim,Nigel Richards,2nd Lim Boon Heng Cup,23 Nov 2003,9,358 -,449,-91,4    -,17,-1635,SA
Tony Sim,Nigel Richards,2nd Lim Boon Heng Cup,23 Nov 2003,13,410 -,359,+51,5    -,17,-1584,SA
Tony Sim,Nigel Richards,7th Singapore Open Scrabble Championship,6 Jun 2004,9,344 -,439,-95,5    -,18,-1679,SA
Tony Sim,Nigel Richards,3rd Lim Boon Heng Cup,21 Nov 2004,3,415 -,421,-6,5    -,19,-1685,SA
Tony Sim,Nigel Richards,4th Lim Boon Heng Cup,19 Mar 2006,4,314 -,500,-186,5    -,20,-1871,SA
Tony Sim,Nigel Richards,4th Lim Boon Heng Cup,19 Mar 2006,13,381 -,428,-47,5    -,21,-1918,SA
Tony Sim,Nigel Richards,4th Lim Boon Heng Cup,19 Mar 2006,15,412 -,502,-90,5    -,22,-2008,SA
Tony Sim,Nigel Richards,4th Lim Boon Heng Cup,19 Mar 2006,16,483 -,385,+98,6    -,22,-1910,SA
Tony Sim,Nigel Richards,10th Singapore Open Scrabble Championship,27 May 2007,4,317 -,513,-196,6    -,23,-2106,SA
Tony Sim,Nigel Richards,10th Singapore Open Scrabble Championship,27 May 2007,15,425 -,491,-66,6    -,24,-2172,SA
Tony Sim,Nigel Richards,6th Lim Boon Heng Cup,16 Mar 2008,2,431 -,410,+21,7    -,24,-2151,SA
Tony Sim,Nigel Richards,11th Singapore Open Scrabble Championship,25 May 2008,8,374 -,513,-139,7    -,25,-2290,SA
Tony Sim,Nigel Richards,7th Lim Boon Heng Cup,22 Mar 2009,4,376 -,529,-153,7    -,26,-2443,SA
Tony Sim,Nigel Richards,12th Singapore Open Scrabble Championship,31 May 2009,3,411 -,443,-32,7    -,27,-2475,SA
Tony Sim,Nigel Richards,Yew Tee Scrabble Open Championship 2009,22 Nov 2009,11,450 -,411,+39,8    -,27,-2436,SA
Tony Sim,Nigel Richards,8th Lim Boon Heng Cup,7 Mar 2010,9,394 -,551,-157,8    -,28,-2593,SA
Tony Sim,Nigel Richards,13th Singapore Open Scrabble Championship,14 Nov 2010,2,485 -,466,+19,9    -,28,-2574,SA
Tony Sim,Nigel Richards,Yew Tee Scrabble Open Championship 2010,21 Nov 2010,8,390 -,465,-75,9    -,29,-2649,SA
Tony Sim,Nigel Richards,Yew Tee Scrabble Open Championship 2010,21 Nov 2010,14,356 -,461,-105,9    -,30,-2754,SA
Tony Sim,Nigel Richards,14th Singapore Open Scrabble Championship,27 Nov 2011,2,379 -,340,+39,10    -,30,-2715,SA
Tony Sim,Nigel Richards,15th Singapore Open Scrabble Championship,18 Nov 2012,9,337 -,598,-261,10    -,31,-2976,SA
Tony Sim,Nigel Richards,Jurong Green CC Scrabble Open Championship 2013,7 Apr 2013,9,412 -,519,-107,10    -,32,-3083,SA
Tony Sim,Nigel Richards,Jurong Green CC Scrabble Open Championship 2014,30 Mar 2014,3,408 -,476,-68,10    -,33,-3151,SA
Tony Sim,Aaron Chong,14th Singapore Open Scrabble Championship,27 Nov 2011,11,367 -,398,-31,0    -,1,-31,SA
Tony Sim,Aaron Chong,Jurong Green CC mini tournament,11 Dec 2011,3,315 -,516,-201,0    -,2,-232,SA
Tony Sim,Aaron Chong,Jurong Green CC Scrabble Open Championship 2012,18 Mar 2012,10,382 -,432,-50,0    -,3,-282,SA
Tony Sim,Aaron Chong,Jurong Green CC mini tournament,12 Aug 2012,3,447 -,413,+34,1    -,3,-248,SA
Tony Sim,Aaron Chong,Grandeur 8 mini tournament,8 Sep 2012,4,423 -,425,-2,1    -,4,-250,SA
Tony Sim,Aaron Chong,Grandeur 8 mini tournament,8 Sep 2012,9,408 -,554,-146,1    -,5,-396,SA
Tony Sim,Aaron Chong,Jurong Green CC mini tournament,9 Dec 2012,6,400 -,408,-8,1    -,6,-404,SA
Tony Sim,Aaron Chong,14th SA Millennium Cup,13 Jan 2013,3,360 -,478,-118,1    -,7,-522,SA
Tony Sim,Aaron Chong,14th SA Millennium Cup,13 Jan 2013,12,394 -,492,-98,1    -,8,-620,SA
Tony Sim,Aaron Chong,Survivors Only Scrabblathon (SOS),2 Feb 2013,1,374 -,549,-175,1    -,9,-795,SA
Tony Sim,Aaron Chong,NTU WGS Scrabble Mini 2013,17 Mar 2013,3,369 -,396,-27,1    -,10,-822,SA
Tony Sim,Aaron Chong,Jurong Green CC Scrabble Open Championship 2013,7 Apr 2013,5,409 -,463,-54,1    -,11,-876,SA
Tony Sim,Aaron Chong,Jurong Green CC Scrabble Open Championship 2014,30 Mar 2014,2,482 -,379,+103,2    -,11,-773,SA
Tony Sim,Vannitha Bala,5th Singapore Open Scrabble Championship,2 Jun 2002,3,437 -,380,+57,1    -,0,+57,SA
Tony Sim,Yeo Kian Hung Henry,4th SA Millennium Cup,26 Jan 2003,5,400 -,370,+30,1    -,0,+30,SA
Tony Sim,Yeo Kian Hung Henry,4th SA Millennium Cup,26 Jan 2003,14,515 -,322,+193,2    -,0,+223,SA
Tony Sim,Yeo Kian Hung Henry,2nd Temasek Open,16 Mar 2003,4,453 -,467,-14,2    -,1,+209,SA
Tony Sim,Yeo Kian Hung Henry,2nd Temasek Open,16 Mar 2003,13,471 -,372,+99,3    -,1,+308,SA
Tony Sim,Yeo Kian Hung Henry,6th Singapore Open Scrabble Championship,15 Jun 2003,3,533 -,274,+259,4    -,1,+567,SA
Tony Sim,Yeo Kian Hung Henry,2nd Harmony Cup,7 Sep 2003,2,404 -,382,+22,5    -,1,+589,SA
Tony Sim,Yeo Kian Hung Henry,2nd Lim Boon Heng Cup,23 Nov 2003,2,362 -,367,-5,5    -,2,+584,SA
Tony Sim,Yeo Kian Hung Henry,7th Singapore Open Scrabble Championship,6 Jun 2004,6,460 -,347,+113,6    -,2,+697,SA
Tony Sim,Yeo Kian Hung Henry,Teck Ghee Zone B Residents' Committee mini tournament,5 Jun 2005,3,360 -,377,-17,6    -,3,+680,SA
Tony Sim,Yeo Kian Hung Henry,8th Singapore Open Scrabble Championship,30 Oct 2005,10,478 -,324,+154,7    -,3,+834,SA
Tony Sim,Yeo Kian Hung Henry,8th Singapore Open Scrabble Championship,30 Oct 2005,13,346 -,362,-16,7    -,4,+818,SA
Tony Sim,Yeo Kian Hung Henry,4th Lim Boon Heng Cup,19 Mar 2006,10,437 -,426,+11,8    -,4,+829,SA
Tony Sim,Yeo Kian Hung Henry,Grandeur 8 mini tournament,27 Aug 2006,4,370 -,400,-30,8    -,5,+799,SA
Tony Sim,Yeo Kian Hung Henry,Jurong Green CC mini tournament,15 Oct 2006,1,281 -,442,-161,8    -,6,+638,SA
Tony Sim,Yeo Kian Hung Henry,5th Lim Boon Heng Cup,18 Mar 2007,3,403 -,412,-9,8    -,7,+629,SA
Tony Sim,Yeo Kian Hung Henry,5th Lim Boon Heng Cup,18 Mar 2007,15,410 -,343,+67,9    -,7,+696,SA
Tony Sim,Yeo Kian Hung Henry,5th Lim Boon Heng Cup,18 Mar 2007,16,353 -,406,-53,9    -,8,+643,SA
Tony Sim,Yeo Kian Hung Henry,9th SA Millennium Cup,27 Jan 2008,1,418 -,510,-92,9    -,9,+551,SA
Tony Sim,Yeo Kian Hung Henry,10th SA Millennium Cup,1 Mar 2009,5,392 -,404,-12,9    -,10,+539,SA
Tony Sim,Yeo Kian Hung Henry,10th SA Millennium Cup,1 Mar 2009,14,461 -,438,+23,10    -,10,+562,SA
Tony Sim,Yeo Kian Hung Henry,12th Singapore Open Scrabble Championship,31 May 2009,8,370 -,452,-82,10    -,11,+480,SA
Tony Sim,Yeo Kian Hung Henry,8th Lim Boon Heng Cup,7 Mar 2010,12,425 -,387,+38,11    -,11,+518,SA
Tony Sim,Yeo Kian Hung Henry,9th Lim Boon Heng Cup,13 Mar 2011,6,361 -,433,-72,11    -,12,+446,SA
Tony Sim,Yeo Kian Hung Henry,Jurong Green CC mini tournament,15 May 2011,5,447 -,381,+66,12    -,12,+512,SA
Tony Sim,Yeo Kian Hung Henry,14th Singapore Open Scrabble Championship,27 Nov 2011,4,371 -,495,-124,12    -,13,+388,SA
Tony Sim,Yeo Kian Hung Henry,Jurong Green CC Scrabble Open Championship 2012,18 Mar 2012,12,544 -,374,+170,13    -,13,+558,SA
Tony Sim,Yeo Kian Hung Henry,Bishan Heights RC mini tournament,27 May 2012,9,327 -,493,-166,13    -,14,+392,SA
Tony Sim,Yeo Kian Hung Henry,Oktobertilefest Scrabblemini,6 Oct 2012,2,513 -,420,+93,14    -,14,+485,SA
Tony Sim,Yeo Kian Hung Henry,Oktobertilefest Scrabblemini,6 Oct 2012,10,463 -,423,+40,15    -,14,+525,SA
Tony Sim,Yeo Kian Hung Henry,15th Singapore Open Scrabble Championship,18 Nov 2012,11,460 -,489,-29,15    -,15,+496,SA
Tony Sim,Yeo Kian Hung Henry,Survivors Only Scrabblathon (SOS),2 Feb 2013,2,341 -,461,-120,15    -,16,+376,SA
Tony Sim,Yeo Kian Hung Henry,Survivors Only Scrabblathon (SOS),2 Feb 2013,8,463 -,352,+111,16    -,16,+487,SA
Tony Sim,Yeo Kian Hung Henry,Grandeur 8 mini tournament,8 Sep 2013,3,491 -,478,+13,17    -,16,+500,SA
Tony Sim,Yeo Kian Hung Henry,Jurong Green CC Scrabble Open Championship 2014,30 Mar 2014,7,423 -,395,+28,18    -,16,+528,SA
Tony Sim,Martin Teo,Survivors Only Scrabblathon (SOS),16 Apr 2011,8,407 -,394,+13,1    -,0,+13,SA
Tony Sim,Jocelyn Lor,2nd Caldecott Recreation Club Regional Championship,26 Apr 1998,6,432 -,310,+122,1    -,0,+122,SA
Tony Sim,Jocelyn Lor,4th Hong Kah East CC - St John's Institution Annual Friendly,31 May 1998,6,343 -,442,-99,1    -,1,+23,SA
Tony Sim,Jocelyn Lor,6th Kenneth Chen Cup,29 Nov 1998,4,319 -,380,-61,1    -,2,-38,SA
Tony Sim,Jocelyn Lor,7th Kenneth Chen Cup,5 Dec 1999,12,467 -,331,+136,2    -,2,+98,SA
Tony Sim,Jocelyn Lor,3rd Singapore Open Scrabble Championship,21 May 2000,6,343 -,329,+14,3    -,2,+112,SA
Tony Sim,Jocelyn Lor,3rd Singapore Open Scrabble Championship,21 May 2000,13,335 -,401,-66,3    -,3,+46,SA
Tony Sim,Jocelyn Lor,Mind Sports Olympiad,10 Sep 2000,5,428 -,382,+46,4    -,3,+92,SA
Tony Sim,Jocelyn Lor,4th Singapore Open Scrabble Championship,6 May 2001,3,410 -,427,-17,4    -,4,+75,SA
Tony Sim,Jocelyn Lor,1st Temasek Open,3 Mar 2002,9,448 -,364,+84,5    -,4,+159,SA
Tony Sim,Jocelyn Lor,5th Singapore Open Scrabble Championship,2 Jun 2002,4,437 -,408,+29,6    -,4,+188,SA
Tony Sim,Jocelyn Lor,1st Lim Boon Heng Cup,1 Dec 2002,4,408 -,366,+42,7    -,4,+230,SA
Tony Sim,Jocelyn Lor,2nd Temasek Open,16 Mar 2003,11,430 -,403,+27,8    -,4,+257,SA
Tony Sim,Jocelyn Lor,2nd Harmony Cup,7 Sep 2003,15,293 -,387,-94,8    -,5,+163,SA
Tony Sim,Jocelyn Lor,2nd Lim Boon Heng Cup,23 Nov 2003,10,326 -,394,-68,8    -,6,+95,SA
Tony Sim,Jocelyn Lor,2nd Lim Boon Heng Cup,23 Nov 2003,16,384 -,468,-84,8    -,7,+11,SA
Tony Sim,Jocelyn Lor,7th Singapore Open Scrabble Championship,6 Jun 2004,8,418 -,374,+44,9    -,7,+55,SA
Tony Sim,Jocelyn Lor,4th Lim Boon Heng Cup,19 Mar 2006,12,515 -,310,+205,10    -,7,+260,SA
Tony Sim,Jocelyn Lor,9th Singapore Open Scrabble Championship,28 May 2006,4,433 -,335,+98,11    -,7,+358,SA
Tony Sim,Jocelyn Lor,9th SA Millennium Cup,27 Jan 2008,11,462 -,492,-30,11    -,8,+328,SA
Tony Sim,Jocelyn Lor,6th Lim Boon Heng Cup,16 Mar 2008,7,390 -,459,-69,11    -,9,+259,SA
Tony Sim,Jocelyn Lor,7th Lim Boon Heng Cup,22 Mar 2009,9,381 -,346,+35,12    -,9,+294,SA
Tony Sim,Jocelyn Lor,12th Singapore Open Scrabble Championship,31 May 2009,10,404 -,325,+79,13    -,9,+373,SA
Tony Sim,Jocelyn Lor,8th Lim Boon Heng Cup,7 Mar 2010,2,393 -,423,-30,13    -,10,+343,SA
Tony Sim,Jocelyn Lor,13th Singapore Open Scrabble Championship,14 Nov 2010,11,428 -,334,+94,14    -,10,+437,SA
Tony Sim,Jocelyn Lor,Survivors Only Scrabblathon (SOS),16 Apr 2011,9,511 -,396,+115,15    -,10,+552,SA
Tony Sim,Jocelyn Lor,Survivors Only Scrabblathon (SOS),16 Apr 2011,11,446 -,359,+87,16    -,10,+639,SA
Tony Sim,Jocelyn Lor,Jurong Green CC mini tournament,14 Aug 2011,4,370 -,449,-79,16    -,11,+560,SA
Tony Sim,Jocelyn Lor,Jurong Green CC Scrabble Open Championship 2012,18 Mar 2012,1,545 -,345,+200,17    -,11,+760,SA
Tony Sim,Jocelyn Lor,Jurong Green CC mini tournament,12 Aug 2012,6,420 -,352,+68,18    -,11,+828,SA
Tony Sim,Jocelyn Lor,Jurong Green CC Scrabble Open Championship 2013,7 Apr 2013,4,462 -,444,+18,19    -,11,+846,SA
Tony Sim,Jocelyn Lor,Jurong Green CC Scrabble Open Championship 2013,7 Apr 2013,16,394 -,417,-23,19    -,12,+823,SA
Tony Sim,Jocelyn Lor,mini,1 Dec 2013,9,371 -,376,-5,19    -,13,+818,SA
Tony Sim,Jocelyn Lor,mini,1 Dec 2013,10,404 -,420,-16,19    -,14,+802,SA
Tony Sim,Tan Jin Chor,2nd Caldecott Recreation Club Regional Championship,26 Apr 1998,14,449 -,272,+177,1    -,0,+177,SA
Tony Sim,Tan Jin Chor,2nd Caldecott Recreation Club Regional Championship,26 Apr 1998,16,418 -,360,+58,2    -,0,+235,SA
Tony Sim,Tan Jin Chor,Mind Sports Olympiad,10 Sep 2000,15,507 -,370,+137,3    -,0,+372,SA
Tony Sim,Tan Jin Chor,"not the 9th Kenneth Chen Cup, day 1",24 Nov 2001,4,537 -,283,+254,4    -,0,+626,SA
Tony Sim,Tan Jin Chor,"not the 9th Kenneth Chen Cup, day 2",25 Nov 2001,5,463 -,436,+27,5    -,0,+653,SA
Tony Sim,Tan Jin Chor,7th Singapore Open Scrabble Championship,6 Jun 2004,5,438 -,374,+64,6    -,0,+717,SA
Tony Sim,Tan Jin Chor,9th Singapore Open Scrabble Championship,28 May 2006,11,412 -,353,+59,7    -,0,+776,SA
Tony Sim,Tan Jin Chor,8th Lim Boon Heng Cup,7 Mar 2010,3,427 -,430,-3,7    -,1,+773,SA
Tony Sim,Tan Jin Chor,9th Lim Boon Heng Cup,13 Mar 2011,1,544 -,407,+137,8    -,1,+910,SA
Tony Sim,Tan Jin Chor,14th Singapore Open Scrabble Championship,27 Nov 2011,12,388 -,460,-72,8    -,2,+838,SA
Tony Sim,Tan Jin Chor,15th Singapore Open Scrabble Championship,18 Nov 2012,1,425 -,345,+80,9    -,2,+918,SA
Tony Sim,Alex Tan,2nd Caldecott Recreation Club Regional Championship,26 Apr 1998,2,366 -,323,+43,1    -,0,+43,SA
Tony Sim,Alex Tan,8th Kenneth Chen Cup,26 Nov 2000,3,465 -,275,+190,2    -,0,+233,SA
Tony Sim,Alex Tan,1st Temasek Open,3 Mar 2002,2,456 -,308,+148,3    -,0,+381,SA
Tony Sim,Alex Tan,8th Jurong Green CC - St John's Institution Annual Friendly,28 Apr 2002,2,509 -,347,+162,4    -,0,+543,SA
Tony Sim,Alex Tan,4th SA Millennium Cup,26 Jan 2003,4,366 -,398,-32,4    -,1,+511,SA
Tony Sim,Alex Tan,4th SA Millennium Cup,26 Jan 2003,13,313 -,380,-67,4    -,2,+444,SA
Tony Sim,Alex Tan,2nd Temasek Open,16 Mar 2003,16,505 -,381,+124,5    -,2,+568,SA
Tony Sim,Alex Tan,13th Singapore Open Scrabble Championship,14 Nov 2010,13,387 -,470,-83,5    -,3,+485,SA
Tony Sim,Alex Tan,9th Lim Boon Heng Cup,13 Mar 2011,8,387 -,419,-32,5    -,4,+453,SA
Tony Sim,Alex Tan,9th Lim Boon Heng Cup,13 Mar 2011,14,485 -,336,+149,6    -,4,+602,SA
Michael Tang,Nigel Richards,3rd Singapore Open Scrabble Championship,21 May 2000,10,296 -,625,-329,0    -,1,-329,SA
Michael Tang,Nigel Richards,3rd Singapore Open Scrabble Championship,21 May 2000,16,401 -,486,-85,0    -,2,-414,SA
Michael Tang,Nigel Richards,Mind Sports Olympiad,10 Sep 2000,17,375 -,457,-82,0    -,3,-496,SA
Michael Tang,Nigel Richards,8th Kenneth Chen Cup,26 Nov 2000,3,394 -,461,-67,0    -,4,-563,SA
Michael Tang,Nigel Richards,4th Singapore Open Scrabble Championship,6 May 2001,8,503 -,496,+7,1    -,4,-556,SA
Michael Tang,Nigel Richards,4th Singapore Open Scrabble Championship,6 May 2001,14,400 -,481,-81,1    -,5,-637,SA
Michael Tang,Nigel Richards,"not the 9th Kenneth Chen Cup, day 1",24 Nov 2001,5,360 -,523,-163,1    -,6,-800,SA
Michael Tang,Nigel Richards,1st Temasek Open,3 Mar 2002,2,473 -,411,+62,2    -,6,-738,SA
Michael Tang,Nigel Richards,1st Lim Boon Heng Cup,1 Dec 2002,9,415 -,349,+66,3    -,6,-672,SA
Michael Tang,Nigel Richards,6th Singapore Open Scrabble Championship,15 Jun 2003,12,309 -,484,-175,3    -,7,-847,SA
Michael Tang,Nigel Richards,10th Singapore Open Scrabble Championship,27 May 2007,1,354 -,444,-90,3    -,8,-937,SA
Michael Tang,Nigel Richards,11th Singapore Open Scrabble Championship,25 May 2008,5,460 -,527,-67,3    -,9,-1004,SA
Michael Tang,Nigel Richards,12th Singapore Open Scrabble Championship,31 May 2009,10,489 -,372,+117,4    -,9,-887,SA
Michael Tang,Nigel Richards,Yew Tee Scrabble Open Championship 2009,22 Nov 2009,7,350 -,547,-197,4    -,10,-1084,SA
Michael Tang,Nigel Richards,8th Lim Boon Heng Cup,7 Mar 2010,8,356 -,397,-41,4    -,11,-1125,SA
Michael Tang,Nigel Richards,8th Lim Boon Heng Cup,7 Mar 2010,16,305 -,431,-126,4    -,12,-1251,SA
Michael Tang,Nigel Richards,13th Singapore Open Scrabble Championship,14 Nov 2010,12,399 -,454,-55,4    -,13,-1306,SA
Michael Tang,Nigel Richards,Yew Tee Scrabble Open Championship 2010,21 Nov 2010,3,421 -,477,-56,4    -,14,-1362,SA
Michael Tang,Nigel Richards,Jurong Green CC Scrabble Open Championship 2014,30 Mar 2014,8,333 -,589,-256,4    -,15,-1618,SA
Michael Tang,Aaron Chong,Jurong Green CC Scrabble Open Championship 2012,18 Mar 2012,8,339 -,406,-67,0    -,1,-67,SA
Michael Tang,Aaron Chong,Grandeur 8 mini tournament,8 Sep 2012,1,347 -,473,-126,0    -,2,-193,SA
Michael Tang,Aaron Chong,Survivors Only Scrabblathon (SOS),2 Feb 2013,4,404 -,514,-110,0    -,3,-303,SA
Michael Tang,Aaron Chong,NTU WGS Scrabble Mini 2013,17 Mar 2013,1,372 -,382,-10,0    -,4,-313,SA
Michael Tang,Aaron Chong,Jurong Green CC Scrabble Open Championship 2014,30 Mar 2014,7,406 -,429,-23,0    -,5,-336,SA
Michael Tang,Vannitha Bala,5th Singapore Open Scrabble Championship,2 Jun 2002,9,326 -,458,-132,0    -,1,-132,SA
Michael Tang,Yeo Kian Hung Henry,4th SA Millennium Cup,26 Jan 2003,7,425 -,395,+30,1    -,0,+30,SA
Michael Tang,Yeo Kian Hung Henry,4th SA Millennium Cup,26 Jan 2003,16,503 -,261,+242,2    -,0,+272,SA
Michael Tang,Yeo Kian Hung Henry,2nd Temasek Open,16 Mar 2003,6,435 -,345,+90,3    -,0,+362,SA
Michael Tang,Yeo Kian Hung Henry,7th Singapore Open Scrabble Championship,6 Jun 2004,10,464 -,340,+124,4    -,0,+486,SA
Michael Tang,Yeo Kian Hung Henry,8th Singapore Open Scrabble Championship,30 Oct 2005,3,371 -,457,-86,4    -,1,+400,SA
Michael Tang,Yeo Kian Hung Henry,Grandeur 8 mini tournament,27 Aug 2006,1,287 -,451,-164,4    -,2,+236,SA
Michael Tang,Yeo Kian Hung Henry,Jurong Green CC mini tournament,15 Oct 2006,4,431 -,365,+66,5    -,2,+302,SA
Michael Tang,Yeo Kian Hung Henry,9th SA Millennium Cup,27 Jan 2008,6,392 -,365,+27,6    -,2,+329,SA
Michael Tang,Yeo Kian Hung Henry,12th Singapore Open Scrabble Championship,31 May 2009,9,359 -,450,-91,6    -,3,+238,SA
Michael Tang,Yeo Kian Hung Henry,8th Lim Boon Heng Cup,7 Mar 2010,11,419 -,364,+55,7    -,3,+293,SA
Michael Tang,Yeo Kian Hung Henry,Jurong Green CC Scrabble Open Championship 2012,18 Mar 2012,10,304 -,481,-177,7    -,4,+116,SA
Michael Tang,Yeo Kian Hung Henry,Jurong Green CC Scrabble Open Championship 2012,18 Mar 2012,16,393 -,481,-88,7    -,5,+28,SA
Michael Tang,Yeo Kian Hung Henry,Bishan Heights RC mini tournament,27 May 2012,5,495 -,358,+137,8    -,5,+165,SA
Michael Tang,Yeo Kian Hung Henry,Oktobertilefest Scrabblemini,6 Oct 2012,4,306 -,478,-172,8    -,6,-7,SA
Michael Tang,Yeo Kian Hung Henry,15th Singapore Open Scrabble Championship,18 Nov 2012,12,485 -,307,+178,9    -,6,+171,SA
Michael Tang,Yeo Kian Hung Henry,Grandeur 8 mini tournament,8 Sep 2013,5,437 -,359,+78,10    -,6,+249,SA
Michael Tang,Yeo Kian Hung Henry,Jurong Green CC Scrabble Open Championship 2014,30 Mar 2014,12,372 -,435,-63,10    -,7,+186,SA
Michael Tang,Yeo Kian Hung Henry,Jurong Green CC Scrabble Open Championship 2014,30 Mar 2014,14,403 -,406,-3,10    -,8,+183,SA
Michael Tang,Martin Teo,Yew Tee Scrabble Open Championship 2010,21 Nov 2010,5,428 -,420,+8,1    -,0,+8,SA
Michael Tang,Jocelyn Lor,5th Kenneth Chen Cup,30 Nov 1997,15,348 -,399,-51,0    -,1,-51,SA
Michael Tang,Jocelyn Lor,2nd Caldecott Recreation Club Regional Championship,26 Apr 1998,12,437 -,287,+150,1    -,1,+99,SA
Michael Tang,Jocelyn Lor,4th Hong Kah East CC - St John's Institution Annual Friendly,31 May 1998,13,375 -,383,-8,1    -,2,+91,SA
Michael Tang,Jocelyn Lor,6th Kenneth Chen Cup,29 Nov 1998,5,492 -,374,+118,2    -,2,+209,SA
Michael Tang,Jocelyn Lor,6th Kenneth Chen Cup,29 Nov 1998,13,414 -,360,+54,3    -,2,+263,SA
Michael Tang,Jocelyn Lor,6th Kenneth Chen Cup,29 Nov 1998,14,387 -,305,+82,4    -,2,+345,SA
Michael Tang,Jocelyn Lor,3rd Singapore Open Scrabble Championship,21 May 2000,8,316 -,318,-2,4    -,3,+343,SA
Michael Tang,Jocelyn Lor,Mind Sports Olympiad,10 Sep 2000,19,315 -,376,-61,4    -,4,+282,SA
Michael Tang,Jocelyn Lor,4th Singapore Open Scrabble Championship,6 May 2001,4,346 -,355,-9,4    -,5,+273,SA
Michael Tang,Jocelyn Lor,1st Temasek Open,3 Mar 2002,5,387 -,318,+69,5    -,5,+342,SA
Michael Tang,Jocelyn Lor,1st Lim Boon Heng Cup,1 Dec 2002,14,452 -,326,+126,6    -,5,+468,SA
Michael Tang,Jocelyn Lor,2nd Temasek Open,16 Mar 2003,10,434 -,366,+68,7    -,5,+536,SA
Michael Tang,Jocelyn Lor,7th Singapore Open Scrabble Championship,6 Jun 2004,11,336 -,446,-110,7    -,6,+426,SA
Michael Tang,Jocelyn Lor,8th Singapore Open Scrabble Championship,30 Oct 2005,10,361 -,444,-83,7    -,7,+343,SA
Michael Tang,Jocelyn Lor,8th Singapore Open Scrabble Championship,30 Oct 2005,14,326 -,380,-54,7    -,8,+289,SA
Michael Tang,Jocelyn Lor,9th Singapore Open Scrabble Championship,28 May 2006,11,384 -,378,+6,8    -,8,+295,SA
Michael Tang,Jocelyn Lor,9th SA Millennium Cup,27 Jan 2008,2,388 -,420,-32,8    -,9,+263,SA
Michael Tang,Jocelyn Lor,Yew Tee Scrabble Open Championship 2009,22 Nov 2009,2,391 -,383,+8,9    -,9,+271,SA
Michael Tang,Jocelyn Lor,8th Lim Boon Heng Cup,7 Mar 2010,13,375 -,432,-57,9    -,10,+214,SA
Michael Tang,Jocelyn Lor,13th Singapore Open Scrabble Championship,14 Nov 2010,6,464 -,363,+101,10    -,10,+315,SA
Michael Tang,Jocelyn Lor,Yew Tee Scrabble Open Championship 2010,21 Nov 2010,12,346 -,372,-26,10    -,11,+289,SA
Michael Tang,Jocelyn Lor,14th Singapore Open Scrabble Championship,27 Nov 2011,10,429 -,434,-5,10    -,12,+284,SA
Michael Tang,Jocelyn Lor,13th SA Millennium Cup,15 Jan 2012,1,412 -,451,-39,10    -,13,+245,SA
Michael Tang,Jocelyn Lor,13th SA Millennium Cup,15 Jan 2012,2,386 -,394,-8,10    -,14,+237,SA
Michael Tang,Jocelyn Lor,Jurong Green CC Scrabble Open Championship 2012,18 Mar 2012,11,319 -,340,-21,10    -,15,+216,SA
Michael Tang,Jocelyn Lor,mini,1 Dec 2013,1,434 -,414,+20,11    -,15,+236,SA
Michael Tang,Tan Jin Chor,2nd Caldecott Recreation Club Regional Championship,26 Apr 1998,9,406 -,335,+71,1    -,0,+71,SA
Michael Tang,Tan Jin Chor,3rd Singapore Open Scrabble Championship,21 May 2000,5,406 -,334,+72,2    -,0,+143,SA
Michael Tang,Tan Jin Chor,Mind Sports Olympiad,10 Sep 2000,11,372 -,396,-24,2    -,1,+119,SA
Michael Tang,Tan Jin Chor,"not the 9th Kenneth Chen Cup, day 1",24 Nov 2001,9,385 -,371,+14,3    -,1,+133,SA
Michael Tang,Tan Jin Chor,8th Lim Boon Heng Cup,7 Mar 2010,2,484 -,448,+36,4    -,1,+169,SA
Michael Tang,Alex Tan,1st Lim Boon Heng Cup,1 Dec 2002,8,456 -,375,+81,1    -,0,+81,SA
Michael Tang,Alex Tan,4th SA Millennium Cup,26 Jan 2003,6,429 -,409,+20,2    -,0,+101,SA
Michael Tang,Alex Tan,4th SA Millennium Cup,26 Jan 2003,15,444 -,335,+109,3    -,0,+210,SA
Michael Tang,Alex Tan,2nd Temasek Open,16 Mar 2003,7,451 -,376,+75,4    -,0,+285,SA
Michael Tang,Alex Tan,2nd Temasek Open,16 Mar 2003,14,411 -,387,+24,5    -,0,+309,SA
Michael Tang,Alex Tan,13th Singapore Open Scrabble Championship,14 Nov 2010,8,562 -,392,+170,6    -,0,+479,SA
Michael Tang,Alex Tan,Yew Tee Scrabble Open Championship 2010,21 Nov 2010,16,382 -,382,0,6½ -,½,+479,SA
Michael Tang,Alex Tan,Grandeur 8 mini tournament,11 Sep 2011,9,402 -,491,-89,6½ -,1½,+390,SA
Michael Tang,Alex Tan,Grandeur 8 mini tournament,11 Sep 2011,10,345 -,422,-77,6½ -,2½,+313,SA
Michael Tang,Alex Tan,14th Singapore Open Scrabble Championship,27 Nov 2011,9,422 -,374,+48,7½ -,2½,+361,SA
Hubert Wee Ming Hui,Nigel Richards,7th Singapore Open Scrabble Championship,6 Jun 2004,11,383 -,459,-76,0    -,1,-76,SA
Hubert Wee Ming Hui,Nigel Richards,3rd Lim Boon Heng Cup,21 Nov 2004,7,456 -,412,+44,1    -,1,-32,SA
Hubert Wee Ming Hui,Nigel Richards,4th Lim Boon Heng Cup,19 Mar 2006,2,355 -,493,-138,1    -,2,-170,SA
Hubert Wee Ming Hui,Nigel Richards,10th Singapore Open Scrabble Championship,27 May 2007,8,442 -,468,-26,1    -,3,-196,SA
Hubert Wee Ming Hui,Nigel Richards,6th Lim Boon Heng Cup,16 Mar 2008,11,375 -,479,-104,1    -,4,-300,SA
Hubert Wee Ming Hui,Nigel Richards,6th Lim Boon Heng Cup,16 Mar 2008,13,384 -,441,-57,1    -,5,-357,SA
Hubert Wee Ming Hui,Nigel Richards,6th Lim Boon Heng Cup,16 Mar 2008,16,379 -,363,+16,2    -,5,-341,SA
Hubert Wee Ming Hui,Nigel Richards,11th Singapore Open Scrabble Championship,25 May 2008,11,405 -,351,+54,3    -,5,-287,SA
Hubert Wee Ming Hui,Nigel Richards,11th Singapore Open Scrabble Championship,25 May 2008,13,356 -,481,-125,3    -,6,-412,SA
Hubert Wee Ming Hui,Nigel Richards,11th Singapore Open Scrabble Championship,25 May 2008,15,380 -,396,-16,3    -,7,-428,SA
Hubert Wee Ming Hui,Nigel Richards,7th Lim Boon Heng Cup,22 Mar 2009,15,407 -,458,-51,3    -,8,-479,SA
Hubert Wee Ming Hui,Nigel Richards,12th Singapore Open Scrabble Championship,31 May 2009,5,399 -,344,+55,4    -,8,-424,SA
Hubert Wee Ming Hui,Nigel Richards,12th Singapore Open Scrabble Championship,31 May 2009,13,388 -,479,-91,4    -,9,-515,SA
Hubert Wee Ming Hui,Nigel Richards,Yew Tee Scrabble Open Championship 2009,22 Nov 2009,2,361 -,498,-137,4    -,10,-652,SA
Hubert Wee Ming Hui,Nigel Richards,Yew Tee Scrabble Open Championship 2009,22 Nov 2009,16,385 -,440,-55,4    -,11,-707,SA
Hubert Wee Ming Hui,Nigel Richards,Yew Tee Scrabble Open Championship 2010,21 Nov 2010,7,411 -,449,-38,4    -,12,-745,SA
Hubert Wee Ming Hui,Nigel Richards,14th Singapore Open Scrabble Championship,27 Nov 2011,5,442 -,516,-74,4    -,13,-819,SA
Hubert Wee Ming Hui,Nigel Richards,14th Singapore Open Scrabble Championship,27 Nov 2011,13,501 -,494,+7,5    -,13,-812,SA
Hubert Wee Ming Hui,Nigel Richards,15th Singapore Open Scrabble Championship,18 Nov 2012,12,410 -,532,-122,5    -,14,-934,SA
Hubert Wee Ming Hui,Nigel Richards,Jurong Green CC Scrabble Open Championship 2013,7 Apr 2013,6,426 -,502,-76,5    -,15,-1010,SA
Hubert Wee Ming Hui,Nigel Richards,Jurong Green CC Scrabble Open Championship 2014,30 Mar 2014,13,385 -,469,-84,5    -,16,-1094,SA
Hubert Wee Ming Hui,Aaron Chong,14th Singapore Open Scrabble Championship,27 Nov 2011,16,392 -,405,-13,0    -,1,-13,SA
Hubert Wee Ming Hui,Aaron Chong,Jurong Green CC Scrabble Open Championship 2012,18 Mar 2012,12,438 -,467,-29,0    -,2,-42,SA
Hubert Wee Ming Hui,Aaron Chong,Jurong Green CC Scrabble Open Championship 2012,18 Mar 2012,14,421 -,355,+66,1    -,2,+24,SA
Hubert Wee Ming Hui,Aaron Chong,Jurong Green CC Scrabble Open Championship 2012,18 Mar 2012,15,395 -,498,-103,1    -,3,-79,SA
Hubert Wee Ming Hui,Aaron Chong,Jurong Green CC Scrabble Open Championship 2012,18 Mar 2012,16,443 -,327,+116,2    -,3,+37,SA
Hubert Wee Ming Hui,Aaron Chong,Jurong Green CC mini tournament,12 Aug 2012,9,481 -,499,-18,2    -,4,+19,SA
Hubert Wee Ming Hui,Aaron Chong,Grandeur 8 mini tournament,8 Sep 2012,10,399 -,513,-114,2    -,5,-95,SA
Hubert Wee Ming Hui,Aaron Chong,15th Singapore Open Scrabble Championship,18 Nov 2012,11,420 -,466,-46,2    -,6,-141,SA
Hubert Wee Ming Hui,Aaron Chong,Jurong Green CC mini tournament,9 Dec 2012,2,463 -,344,+119,3    -,6,-22,SA
Hubert Wee Ming Hui,Aaron Chong,Jurong Green CC mini tournament,9 Dec 2012,9,400 -,423,-23,3    -,7,-45,SA
Hubert Wee Ming Hui,Aaron Chong,14th SA Millennium Cup,13 Jan 2013,7,418 -,512,-94,3    -,8,-139,SA
Hubert Wee Ming Hui,Aaron Chong,14th SA Millennium Cup,13 Jan 2013,16,477 -,345,+132,4    -,8,-7,SA
Hubert Wee Ming Hui,Aaron Chong,NTU WGS Scrabble Mini 2013,17 Mar 2013,7,427 -,555,-128,4    -,9,-135,SA
Hubert Wee Ming Hui,Aaron Chong,Jurong Green CC Scrabble Open Championship 2013,7 Apr 2013,3,312 -,537,-225,4    -,10,-360,SA
Hubert Wee Ming Hui,Aaron Chong,Jurong Green CC Scrabble Open Championship 2014,30 Mar 2014,1,485 -,281,+204,5    -,10,-156,SA
Hubert Wee Ming Hui,Aaron Chong,Jurong Green CC Scrabble Open Championship 2014,30 Mar 2014,15,390 -,540,-150,5    -,11,-306,SA
Hubert Wee Ming Hui,Aaron Chong,Jurong Green CC Scrabble Open Championship 2014,30 Mar 2014,16,419 -,380,+39,6    -,11,-267,SA
Hubert Wee Ming Hui,Yeo Kian Hung Henry,Teck Ghee Zone B Residents' Committee mini tournament,5 Jun 2005,4,474 -,377,+97,1    -,0,+97,SA
Hubert Wee Ming Hui,Yeo Kian Hung Henry,8th Singapore Open Scrabble Championship,30 Oct 2005,4,395 -,473,-78,1    -,1,+19,SA
Hubert Wee Ming Hui,Yeo Kian Hung Henry,4th Lim Boon Heng Cup,19 Mar 2006,12,420 -,396,+24,2    -,1,+43,SA
Hubert Wee Ming Hui,Yeo Kian Hung Henry,Grandeur 8 mini tournament,27 Aug 2006,2,506 -,448,+58,3    -,1,+101,SA
Hubert Wee Ming Hui,Yeo Kian Hung Henry,Jurong Green CC mini tournament,15 Oct 2006,7,503 -,376,+127,4    -,1,+228,SA
Hubert Wee Ming Hui,Yeo Kian Hung Henry,5th Lim Boon Heng Cup,18 Mar 2007,7,430 -,493,-63,4    -,2,+165,SA
Hubert Wee Ming Hui,Yeo Kian Hung Henry,5th Lim Boon Heng Cup,18 Mar 2007,13,307 -,435,-128,4    -,3,+37,SA
Hubert Wee Ming Hui,Yeo Kian Hung Henry,5th Lim Boon Heng Cup,18 Mar 2007,14,338 -,324,+14,5    -,3,+51,SA
Hubert Wee Ming Hui,Yeo Kian Hung Henry,9th SA Millennium Cup,27 Jan 2008,13,502 -,438,+64,6    -,3,+115,SA
Hubert Wee Ming Hui,Yeo Kian Hung Henry,12th Singapore Open Scrabble Championship,31 May 2009,2,344 -,379,-35,6    -,4,+80,SA
Hubert Wee Ming Hui,Yeo Kian Hung Henry,12th Singapore Open Scrabble Championship,31 May 2009,15,476 -,407,+69,7    -,4,+149,SA
Hubert Wee Ming Hui,Yeo Kian Hung Henry,12th SA Millennium Cup,23 Jan 2011,13,520 -,452,+68,8    -,4,+217,SA
Hubert Wee Ming Hui,Yeo Kian Hung Henry,12th SA Millennium Cup,23 Jan 2011,18,470 -,408,+62,9    -,4,+279,SA
Hubert Wee Ming Hui,Yeo Kian Hung Henry,Jurong Green CC mini tournament,15 May 2011,8,416 -,439,-23,9    -,5,+256,SA
Hubert Wee Ming Hui,Yeo Kian Hung Henry,14th Singapore Open Scrabble Championship,27 Nov 2011,8,411 -,404,+7,10    -,5,+263,SA
Hubert Wee Ming Hui,Yeo Kian Hung Henry,Jurong Green CC Scrabble Open Championship 2012,18 Mar 2012,13,413 -,390,+23,11    -,5,+286,SA
Hubert Wee Ming Hui,Yeo Kian Hung Henry,Bishan Heights RC mini tournament,27 May 2012,8,429 -,354,+75,12    -,5,+361,SA
Hubert Wee Ming Hui,Yeo Kian Hung Henry,Oktobertilefest Scrabblemini,6 Oct 2012,3,451 -,446,+5,13    -,5,+366,SA
Hubert Wee Ming Hui,Yeo Kian Hung Henry,15th Singapore Open Scrabble Championship,18 Nov 2012,7,382 -,486,-104,13    -,6,+262,SA
Hubert Wee Ming Hui,Yeo Kian Hung Henry,Grandeur 8 mini tournament,8 Sep 2013,7,535 -,420,+115,14    -,6,+377,SA
Hubert Wee Ming Hui,Yeo Kian Hung Henry,Jurong Green CC Scrabble Open Championship 2014,30 Mar 2014,5,445 -,418,+27,15    -,6,+404,SA
Hubert Wee Ming Hui,Martin Teo,Yew Tee Scrabble Open Championship 2010,21 Nov 2010,1,401 -,543,-142,0    -,1,-142,SA
Hubert Wee Ming Hui,Jocelyn Lor,7th Singapore Open Scrabble Championship,6 Jun 2004,4,382 -,463,-81,0    -,1,-81,SA
Hubert Wee Ming Hui,Jocelyn Lor,8th Singapore Open Scrabble Championship,30 Oct 2005,3,449 -,254,+195,1    -,1,+114,SA
Hubert Wee Ming Hui,Jocelyn Lor,8th Singapore Open Scrabble Championship,30 Oct 2005,15,472 -,347,+125,2    -,1,+239,SA
Hubert Wee Ming Hui,Jocelyn Lor,4th Lim Boon Heng Cup,19 Mar 2006,9,473 -,394,+79,3    -,1,+318,SA
Hubert Wee Ming Hui,Jocelyn Lor,5th Lim Boon Heng Cup,18 Mar 2007,10,479 -,404,+75,4    -,1,+393,SA
Hubert Wee Ming Hui,Jocelyn Lor,9th SA Millennium Cup,27 Jan 2008,9,425 -,356,+69,5    -,1,+462,SA
Hubert Wee Ming Hui,Jocelyn Lor,6th Lim Boon Heng Cup,16 Mar 2008,6,460 -,274,+186,6    -,1,+648,SA
Hubert Wee Ming Hui,Jocelyn Lor,7th Lim Boon Heng Cup,22 Mar 2009,6,453 -,341,+112,7    -,1,+760,SA
Hubert Wee Ming Hui,Jocelyn Lor,Yew Tee Scrabble Open Championship 2009,22 Nov 2009,6,459 -,405,+54,8    -,1,+814,SA
Hubert Wee Ming Hui,Jocelyn Lor,1st Progressive Round Robin Scrabble Tournament 2010,24 Apr 2010,5,567 -,481,+86,9    -,1,+900,SA
Hubert Wee Ming Hui,Jocelyn Lor,Yew Tee Scrabble Open Championship 2010,21 Nov 2010,15,446 -,325,+121,10    -,1,+1021,SA
Hubert Wee Ming Hui,Jocelyn Lor,Yew Tee Scrabble Open Championship 2010,21 Nov 2010,17,392 -,373,+19,11    -,1,+1040,SA
Hubert Wee Ming Hui,Jocelyn Lor,14th Singapore Open Scrabble Championship,27 Nov 2011,6,390 -,354,+36,12    -,1,+1076,SA
Hubert Wee Ming Hui,Jocelyn Lor,13th SA Millennium Cup,15 Jan 2012,5,453 -,410,+43,13    -,1,+1119,SA
Hubert Wee Ming Hui,Jocelyn Lor,13th SA Millennium Cup,15 Jan 2012,6,426 -,306,+120,14    -,1,+1239,SA
Hubert Wee Ming Hui,Jocelyn Lor,13th SA Millennium Cup,15 Jan 2012,11,543 -,374,+169,15    -,1,+1408,SA
Hubert Wee Ming Hui,Jocelyn Lor,13th SA Millennium Cup,15 Jan 2012,12,405 -,461,-56,15    -,2,+1352,SA
Hubert Wee Ming Hui,Jocelyn Lor,Jurong Green CC Scrabble Open Championship 2012,18 Mar 2012,2,505 -,342,+163,16    -,2,+1515,SA
Hubert Wee Ming Hui,Jocelyn Lor,Jurong Green CC mini tournament,12 Aug 2012,2,499 -,365,+134,17    -,2,+1649,SA
Hubert Wee Ming Hui,Jocelyn Lor,Jurong Green CC Scrabble Open Championship 2013,7 Apr 2013,5,436 -,329,+107,18    -,2,+1756,SA
Hubert Wee Ming Hui,Tan Jin Chor,9th Singapore Open Scrabble Championship,28 May 2006,2,373 -,425,-52,0    -,1,-52,SA
Hubert Wee Ming Hui,Tan Jin Chor,9th Singapore Open Scrabble Championship,28 May 2006,14,420 -,391,+29,1    -,1,-23,SA
Hubert Wee Ming Hui,Tan Jin Chor,Grandeur 8 mini tournament,28 Sep 2008,4,533 -,447,+86,2    -,1,+63,SA
Hubert Wee Ming Hui,Tan Jin Chor,15th Singapore Open Scrabble Championship,18 Nov 2012,4,413 -,383,+30,3    -,1,+93,SA
Wong Zhi Yuan,Nigel Richards,Yew Tee Scrabble Open Championship 2009,22 Nov 2009,12,342 -,546,-204,0    -,1,-204,SA
Wong Zhi Yuan,Nigel Richards,Yew Tee Scrabble Open Championship 2010,21 Nov 2010,12,270 -,406,-136,0    -,2,-340,SA
Wong Zhi Yuan,Aaron Chong,Jurong Green CC mini tournament,12 Aug 2012,4,271 -,369,-98,0    -,1,-98,SA
Wong Zhi Yuan,Aaron Chong,Grandeur 8 mini tournament,8 Sep 2012,2,393 -,506,-113,0    -,2,-211,SA
Wong Zhi Yuan,Yeo Kian Hung Henry,Grandeur 8 mini tournament,8 Sep 2013,6,364 -,468,-104,0    -,1,-104,SA
Wong Zhi Yuan,Martin Teo,Yew Tee Scrabble Open Championship 2010,21 Nov 2010,2,393 -,451,-58,0    -,1,-58,SA
Wong Zhi Yuan,Jocelyn Lor,Yew Tee Scrabble Open Championship 2009,22 Nov 2009,7,443 -,380,+63,1    -,0,+63,SA
Wong Zhi Yuan,Jocelyn Lor,Yew Tee Scrabble Open Championship 2009,22 Nov 2009,16,449 -,451,-2,1    -,1,+61,SA
Wong Zhi Yuan,Jocelyn Lor,1st Progressive Round Robin Scrabble Tournament 2010,24 Apr 2010,3,455 -,319,+136,2    -,1,+197,SA
Wong Zhi Yuan,Jocelyn Lor,1st Progressive Round Robin Scrabble Tournament 2010,24 Apr 2010,4,323 -,460,-137,2    -,2,+60,SA
Wong Zhi Yuan,Jocelyn Lor,1st Progressive Round Robin Scrabble Tournament 2010,24 Apr 2010,9,427 -,399,+28,3    -,2,+88,SA
Wong Zhi Yuan,Jocelyn Lor,Jurong Green CC mini tournament,12 Aug 2012,8,464 -,428,+36,4    -,2,+124,SA
Wong Zhi Yuan,Tan Jin Chor,Grandeur 8 mini tournament,28 Sep 2008,7,429 -,418,+11,1    -,0,+11,SA
Yong Jian Rong,Nigel Richards,Yew Tee Scrabble Open Championship 2010,21 Nov 2010,2,398 -,439,-41,0    -,1,-41,SA
Yong Jian Rong,Nigel Richards,15th Singapore Open Scrabble Championship,18 Nov 2012,4,376 -,557,-181,0    -,2,-222,SA
Yong Jian Rong,Nigel Richards,Jurong Green CC Scrabble Open Championship 2013,7 Apr 2013,8,491 -,422,+69,1    -,2,-153,SA
Yong Jian Rong,Nigel Richards,Jurong Green CC Scrabble Open Championship 2013,7 Apr 2013,16,479 -,343,+136,2    -,2,-17,SA
Yong Jian Rong,Nigel Richards,Jurong Green CC Scrabble Open Championship 2014,30 Mar 2014,10,425 -,407,+18,3    -,2,+1,SA
Yong Jian Rong,Aaron Chong,15th Singapore Open Scrabble Championship,18 Nov 2012,5,424 -,438,-14,0    -,1,-14,SA
Yong Jian Rong,Aaron Chong,Jurong Green CC mini tournament,9 Dec 2012,3,362 -,445,-83,0    -,2,-97,SA
Yong Jian Rong,Aaron Chong,Jurong Green CC mini tournament,9 Dec 2012,8,456 -,447,+9,1    -,2,-88,SA
Yong Jian Rong,Aaron Chong,14th SA Millennium Cup,13 Jan 2013,5,320 -,552,-232,1    -,3,-320,SA
Yong Jian Rong,Aaron Chong,14th SA Millennium Cup,13 Jan 2013,14,392 -,352,+40,2    -,3,-280,SA
Yong Jian Rong,Aaron Chong,NTU WGS Scrabble Mini 2013,17 Mar 2013,6,448 -,396,+52,3    -,3,-228,SA
Yong Jian Rong,Aaron Chong,Jurong Green CC Scrabble Open Championship 2013,7 Apr 2013,2,372 -,485,-113,3    -,4,-341,SA
Yong Jian Rong,Aaron Chong,Jurong Green CC mini tournament,12 May 2013,6,480 -,356,+124,4    -,4,-217,SA
Yong Jian Rong,Aaron Chong,Jurong Green CC Scrabble Open Championship 2014,30 Mar 2014,9,438 -,459,-21,4    -,5,-238,SA
Yong Jian Rong,Yeo Kian Hung Henry,Bishan Heights RC mini tournament,27 May 2012,7,438 -,400,+38,1    -,0,+38,SA
Yong Jian Rong,Yeo Kian Hung Henry,Oktobertilefest Scrabblemini,6 Oct 2012,7,395 -,403,-8,1    -,1,+30,SA
Yong Jian Rong,Yeo Kian Hung Henry,Survivors Only Scrabblathon (SOS),2 Feb 2013,3,499 -,305,+194,2    -,1,+224,SA
Yong Jian Rong,Yeo Kian Hung Henry,Survivors Only Scrabblathon (SOS),2 Feb 2013,5,360 -,448,-88,2    -,2,+136,SA
Yong Jian Rong,Yeo Kian Hung Henry,Grandeur 8 mini tournament,8 Sep 2013,4,547 -,428,+119,3    -,2,+255,SA
Yong Jian Rong,Yeo Kian Hung Henry,Jurong Green CC Scrabble Open Championship 2014,30 Mar 2014,13,284 -,398,-114,3    -,3,+141,SA
Yong Jian Rong,Martin Teo,Survivors Only Scrabblathon (SOS),16 Apr 2011,3,366 -,382,-16,0    -,1,-16,SA
Yong Jian Rong,Jocelyn Lor,Yew Tee Scrabble Open Championship 2010,21 Nov 2010,11,361 -,436,-75,0    -,1,-75,SA
Yong Jian Rong,Jocelyn Lor,Survivors Only Scrabblathon (SOS),16 Apr 2011,2,344 -,417,-73,0    -,2,-148,SA
Yong Jian Rong,Jocelyn Lor,mini,1 Dec 2013,8,417 -,363,+54,1    -,2,-94,SA
Yong Jian Rong,Tan Jin Chor,15th Singapore Open Scrabble Championship,18 Nov 2012,14,379 -,304,+75,1    -,0,+75,SA
Yong Jian Rong,Alex Tan,Yew Tee Scrabble Open Championship 2010,21 Nov 2010,5,394 -,478,-84,0    -,1,-84,SA
Yong Jian Rong,Alex Tan,Grandeur 8 mini tournament,11 Sep 2011,6,360 -,404,-44,0    -,2,-128,SA
