Name,Opp,Tournament,ScoreFor,ScoreAgainst,Source
Hubert Wee,Nigel Richards,19.12.2004 Causeway Challenge,342,451,WESPA
Hubert Wee,Nigel Richards,10.12.2006 5th Causeway Challenge,410,415,WESPA
Hubert Wee,Nigel Richards,24.08.2007 Penang,419,473,WESPA
Hubert Wee,Nigel Richards,11.11.2007 9th World Scrabble Championships,432,408,WESPA
Hubert Wee,Nigel Richards,11.11.2007 9th World Scrabble Championships,411,399,WESPA
Hubert Wee,Nigel Richards,29.11.2007 Causeway Challenge Premier,398,375,WESPA
Hubert Wee,Nigel Richards,29.06.2008 23rd Brands Kings Cup,379,541,WESPA
Hubert Wee,Nigel Richards,30.11.2009 Causeway Challenge,414,445,WESPA
Hubert Wee,Nigel Richards,11.06.2010 ICT Penang Open,455,485,WESPA
Hubert Wee,Nigel Richards,20.06.2010 25th BRAND's Thailand International Crossword Game King's Cup,391,402,WESPA
Hubert Wee,Nigel Richards,15.10.2011 2011 World Scrabble Championship,444,390,WESPA
Hubert Wee,Nigel Richards,30.11.2011 CAUSEWAY 2011,549,390,WESPA
Hubert Wee,Nigel Richards,30.11.2011 CAUSEWAY 2011,411,409,WESPA
Hubert Wee,Nigel Richards,30.11.2011 CAUSEWAY 2011,483,404,WESPA
Hubert Wee,Nigel Richards,30.11.2011 CAUSEWAY 2011,324,463,WESPA
Hubert Wee,Nigel Richards,30.11.2011 CAUSEWAY 2011,442,403,WESPA
Hubert Wee,Nigel Richards,24.06.2012 27th BRANDS Thailand International Crossword Game King's Cup,426,457,WESPA
Hubert Wee,Nigel Richards,16.12.2012 PESTA PULAU PINANG,515,418,WESPA
Hubert Wee,Nigel Richards,16.12.2012 PESTA PULAU PINANG,344,549,WESPA
Hubert Wee,Nigel Richards,20.01.2013  iGATE International 2013,399,413,WESPA
Hubert Wee,Nigel Richards,20.01.2013  iGATE International 2013,337,463,WESPA
Hubert Wee,Nigel Richards,05.07.2013 PENANG INTERNATIONAL,372,368,WESPA
Hubert Wee,Nigel Richards,05.07.2013 PENANG INTERNATIONAL,364,517,WESPA
Hubert Wee,Nigel Richards,05.07.2013 PENANG INTERNATIONAL,480,408,WESPA
Hubert Wee,Nigel Richards,05.07.2013 PENANG INTERNATIONAL,469,379,WESPA
Hubert Wee,Nigel Richards,05.07.2013 PENANG INTERNATIONAL,450,470,WESPA
Hubert Wee,Nigel Richards,05.07.2013 PENANG INTERNATIONAL,416,629,WESPA
Hubert Wee,Nigel Richards,14.07.2013 28th BRAND's Thailand International Crossword Game King's Cup,411,469,WESPA
Hubert Wee,Nigel Richards,14.07.2013 28th BRAND's Thailand International Crossword Game King's Cup,333,459,WESPA
Hubert Wee,Nigel Richards,07.12.2013 Scrabble Champions Tournament Main Event (WSC),450,399,WESPA
Hubert Wee,Nigel Richards,12.01.2014 iGATE International,379,433,WESPA
Hubert Wee,Nigel Richards,12.01.2014 iGATE International,366,497,WESPA
Hubert Wee,Aaron Chong,19.12.2004 Causeway Challenge,407,514,WESPA
Hubert Wee,Aaron Chong,18.12.2005 4th Causeway Challenge,482,484,WESPA
Hubert Wee,Aaron Chong,10.12.2006 5th Causeway Challenge,377,382,WESPA
Hubert Wee,Aaron Chong,24.08.2007 Penang,444,481,WESPA
Hubert Wee,Vannitha Balasingam,10.12.2006 5th Causeway Challenge,450,440,WESPA
Hubert Wee,Vannitha Balasingam,24.08.2007 Penang,386,471,WESPA
Hubert Wee,Vannitha Balasingam,24.08.2007 Penang,407,395,WESPA
Hubert Wee,Vannitha Balasingam,24.08.2007 Penang,380,391,WESPA
Hubert Wee,Vannitha Balasingam,29.11.2007 Causeway Challenge Premier,595,305,WESPA
Hubert Wee,Vannitha Balasingam,30.11.2011 CAUSEWAY 2011,387,374,WESPA
Hubert Wee,Vannitha Balasingam,24.06.2012 27th BRANDS Thailand International Crossword Game King's Cup,490,353,WESPA
Hubert Wee,Yeo Kian Hung,28.06.2004 19th Brand's Kings Cup 2004,471,330,WESPA
Hubert Wee,Yeo Kian Hung,19.12.2004 Causeway Challenge,452,421,WESPA
Hubert Wee,Yeo Kian Hung,18.12.2005 4th Causeway Challenge,424,426,WESPA
Hubert Wee,Yeo Kian Hung,25.06.2006 ICT Penang Open,434,392,WESPA
Hubert Wee,Yeo Kian Hung,25.06.2006 ICT Penang Open,387,369,WESPA
Hubert Wee,Yeo Kian Hung,29.11.2007 Causeway Challenge Premier,396,385,WESPA
Hubert Wee,Yeo Kian Hung,11.06.2010 ICT Penang Open,375,383,WESPA
Hubert Wee,Yeo Kian Hung,11.06.2010 ICT Penang Open,423,420,WESPA
Hubert Wee,Yeo Kian Hung,24.06.2012 27th BRANDS Thailand International Crossword Game King's Cup,410,381,WESPA
Hubert Wee,Yeo Kian Hung,16.12.2012 PESTA PULAU PINANG,502,387,WESPA
Hubert Wee,Yeo Kian Hung,16.12.2012 PESTA PULAU PINANG,480,517,WESPA
Hubert Wee,Yeo Kian Hung,20.01.2013  iGATE International 2013,357,375,WESPA
Hubert Wee,Yeo Kian Hung,05.07.2013 PENANG INTERNATIONAL,420,353,WESPA
Hubert Wee,William Kang,29.11.2009 World Scrabble Championship,453,375,WESPA
Hubert Wee,Martin Teo,14.07.2013 28th BRAND's Thailand International Crossword Game King's Cup,460,394,WESPA
Hubert Wee,Jocelyn Lor,19.12.2004 Causeway Challenge,473,374,WESPA
Hubert Wee,Jocelyn Lor,18.12.2005 4th Causeway Challenge,430,314,WESPA
Hubert Wee,Jocelyn Lor,25.06.2006 ICT Penang Open,467,382,WESPA
Hubert Wee,Jocelyn Lor,10.12.2006 5th Causeway Challenge,544,349,WESPA
Hubert Wee,Jocelyn Lor,24.08.2007 Penang,422,382,WESPA
Hubert Wee,Jocelyn Lor,28.06.2009 Kings Cup,451,407,WESPA
Hubert Wee,Jocelyn Lor,11.06.2010 ICT Penang Open,399,301,WESPA
Hubert Wee,Jocelyn Lor,05.07.2013 PENANG INTERNATIONAL,381,384,WESPA
Hubert Wee,Tan Jin Chor,19.12.2004 Causeway Challenge,427,463,WESPA
Hubert Wee,Tan Jin Chor,18.12.2005 4th Causeway Challenge,481,464,WESPA
Hubert Wee,Tan Jin Chor,25.06.2006 ICT Penang Open,342,439,WESPA
Hubert Wee,Tan Jin Chor,24.08.2007 Penang,436,414,WESPA
Hubert Wee,Tan Jin Chor,24.06.2012 27th BRANDS Thailand International Crossword Game King's Cup,425,339,WESPA
Hubert Wee,Tan Jin Chor,16.12.2012 PESTA PULAU PINANG,482,319,WESPA
Hubert Wee,Alex Tan,28.06.2004 19th Brand's Kings Cup 2004,393,374,WESPA
Hubert Wee,Alex Tan,19.12.2004 Causeway Challenge,359,534,WESPA
Hubert Wee,Alex Tan,26.06.2005 20th Brand's Kings Cup 2005,425,471,WESPA
Hubert Wee,Alex Tan,26.06.2005 20th Brand's Kings Cup 2005,391,424,WESPA
Marlon Prudencio,Nigel Richards,02.07.2006 Kings Cup,383,494,WESPA
Marlon Prudencio,Nigel Richards,10.12.2006 5th Causeway Challenge,475,433,WESPA
Marlon Prudencio,Nigel Richards,29.11.2007 Causeway Challenge Premier,328,643,WESPA
Marlon Prudencio,Nigel Richards,29.06.2008 23rd Brands Kings Cup,405,549,WESPA
Marlon Prudencio,Nigel Richards,29.06.2008 23rd Brands Kings Cup,275,389,WESPA
Marlon Prudencio,Nigel Richards,30.11.2008 Causeway Challenge (Premier),475,368,WESPA
Marlon Prudencio,Nigel Richards,19.06.2009 Penang,430,394,WESPA
Marlon Prudencio,Nigel Richards,20.09.2009 Baguio Centennial International Word Builders Tournament,330,474,WESPA
Marlon Prudencio,Nigel Richards,20.09.2009 Baguio Centennial International Word Builders Tournament,331,509,WESPA
Marlon Prudencio,Nigel Richards,30.11.2009 Causeway Challenge,564,463,WESPA
Marlon Prudencio,Nigel Richards,11.06.2010 ICT Penang Open,362,517,WESPA
Marlon Prudencio,Nigel Richards,11.06.2010 ICT Penang Open,391,487,WESPA
Marlon Prudencio,Nigel Richards,11.06.2010 ICT Penang Open,380,510,WESPA
Marlon Prudencio,Nigel Richards,11.06.2010 ICT Penang Open,424,429,WESPA
Marlon Prudencio,Nigel Richards,11.06.2010 ICT Penang Open,424,454,WESPA
Marlon Prudencio,Nigel Richards,27.08.2010 Sri Lanka Internationl,464,386,WESPA
Marlon Prudencio,Nigel Richards,27.08.2010 Sri Lanka Internationl,331,393,WESPA
Marlon Prudencio,Nigel Richards,17.06.2011 ICT Penang Open,365,491,WESPA
Marlon Prudencio,Nigel Richards,22.01.2012  iGATE International 2012,440,501,WESPA
Marlon Prudencio,Nigel Richards,22.01.2012  iGATE International 2012,385,417,WESPA
Marlon Prudencio,Nigel Richards,24.06.2012 27th BRANDS Thailand International Crossword Game King's Cup,431,403,WESPA
Marlon Prudencio,Nigel Richards,20.01.2013  iGATE International 2013,318,562,WESPA
Marlon Prudencio,Nigel Richards,20.01.2013  iGATE International 2013,422,531,WESPA
Marlon Prudencio,Nigel Richards,05.07.2013 PENANG INTERNATIONAL,474,432,WESPA
Marlon Prudencio,Nigel Richards,05.07.2013 PENANG INTERNATIONAL,318,523,WESPA
Marlon Prudencio,Nigel Richards,14.07.2013 28th BRAND's Thailand International Crossword Game King's Cup,442,488,WESPA
Marlon Prudencio,Nigel Richards,11.08.2013 5th Sri Lanka Open International Scrabble Championship,267,497,WESPA
Marlon Prudencio,Nigel Richards,12.01.2014 iGATE International,391,501,WESPA
Marlon Prudencio,Nigel Richards,12.01.2014 iGATE International,373,553,WESPA
Marlon Prudencio,Aaron Chong,18.12.2005 4th Causeway Challenge,456,408,WESPA
Marlon Prudencio,Aaron Chong,02.07.2006 Kings Cup,470,377,WESPA
Marlon Prudencio,Aaron Chong,02.07.2006 Kings Cup,305,547,WESPA
Marlon Prudencio,Aaron Chong,10.12.2006 5th Causeway Challenge,425,355,WESPA
Marlon Prudencio,Aaron Chong,30.11.2008 Causeway Challenge (Premier),455,473,WESPA
Marlon Prudencio,Aaron Chong,17.06.2011 ICT Penang Open,314,461,WESPA
Marlon Prudencio,Vannitha Balasingam,10.12.2006 5th Causeway Challenge,381,437,WESPA
Marlon Prudencio,Vannitha Balasingam,29.11.2007 Causeway Challenge Premier,451,448,WESPA
Marlon Prudencio,Vannitha Balasingam,30.11.2008 Causeway Challenge (Premier),359,415,WESPA
Marlon Prudencio,Vannitha Balasingam,20.09.2009 Baguio Centennial International Word Builders Tournament,539,461,WESPA
Marlon Prudencio,Vannitha Balasingam,20.09.2009 Baguio Centennial International Word Builders Tournament,383,414,WESPA
Marlon Prudencio,Vannitha Balasingam,30.11.2011 CAUSEWAY 2011,493,414,WESPA
Marlon Prudencio,Vannitha Balasingam,24.06.2012 27th BRANDS Thailand International Crossword Game King's Cup,496,452,WESPA
Marlon Prudencio,Vannitha Balasingam,29.06.2012 ICT2012,536,344,WESPA
Marlon Prudencio,Vannitha Balasingam,29.06.2012 ICT2012,408,479,WESPA
Marlon Prudencio,Yeo Kian Hung,29.06.2003 18th Brand's King's Cup 2003,435,333,WESPA
Marlon Prudencio,Yeo Kian Hung,29.06.2003 18th Brand's King's Cup 2003,557,249,WESPA
Marlon Prudencio,Yeo Kian Hung,18.12.2005 4th Causeway Challenge,428,332,WESPA
Marlon Prudencio,Yeo Kian Hung,02.07.2006 Kings Cup,438,468,WESPA
Marlon Prudencio,Yeo Kian Hung,02.07.2006 Kings Cup,398,394,WESPA
Marlon Prudencio,Yeo Kian Hung,29.11.2007 Causeway Challenge Premier,449,476,WESPA
Marlon Prudencio,Yeo Kian Hung,30.11.2008 Causeway Challenge (Premier),491,419,WESPA
Marlon Prudencio,Yeo Kian Hung,19.06.2009 Penang,465,340,WESPA
Marlon Prudencio,Yeo Kian Hung,20.09.2009 Baguio Centennial International Word Builders Tournament,521,415,WESPA
Marlon Prudencio,Yeo Kian Hung,11.06.2010 ICT Penang Open,474,369,WESPA
Marlon Prudencio,Yeo Kian Hung,27.08.2010 Sri Lanka Internationl,340,476,WESPA
Marlon Prudencio,Yeo Kian Hung,17.06.2011 ICT Penang Open,396,444,WESPA
Marlon Prudencio,Yeo Kian Hung,17.06.2011 ICT Penang Open,353,457,WESPA
Marlon Prudencio,Yeo Kian Hung,26.06.2011 26th BRANDS King's Cup,356,471,WESPA
Marlon Prudencio,Yeo Kian Hung,26.06.2011 26th BRANDS King's Cup,499,327,WESPA
Marlon Prudencio,Yeo Kian Hung,30.11.2011 CAUSEWAY 2011,387,464,WESPA
Marlon Prudencio,Yeo Kian Hung,30.11.2011 CAUSEWAY 2011,487,403,WESPA
Marlon Prudencio,Yeo Kian Hung,29.06.2012 ICT2012,402,434,WESPA
Marlon Prudencio,Yeo Kian Hung,16.12.2012 PESTA PULAU PINANG,387,495,WESPA
Marlon Prudencio,Yeo Kian Hung,20.01.2013  iGATE International 2013,388,480,WESPA
Marlon Prudencio,Yeo Kian Hung,05.07.2013 PENANG INTERNATIONAL,399,518,WESPA
Marlon Prudencio,Yeo Kian Hung,05.07.2013 PENANG INTERNATIONAL,428,497,WESPA
Marlon Prudencio,Yeo Kian Hung,14.07.2013 28th BRAND's Thailand International Crossword Game King's Cup,423,426,WESPA
Marlon Prudencio,William Kang,19.06.2009 Penang,435,395,WESPA
Marlon Prudencio,William Kang,19.06.2009 Penang,437,365,WESPA
Marlon Prudencio,William Kang,17.06.2011 ICT Penang Open,479,486,WESPA
Marlon Prudencio,William Kang,16.12.2012 PESTA PULAU PINANG,443,357,WESPA
Marlon Prudencio,Martin Teo,19.06.2009 Penang,492,411,WESPA
Marlon Prudencio,Martin Teo,11.06.2010 ICT Penang Open,474,338,WESPA
Marlon Prudencio,Martin Teo,17.06.2011 ICT Penang Open,474,320,WESPA
Marlon Prudencio,Martin Teo,29.06.2012 ICT2012,319,485,WESPA
Marlon Prudencio,Martin Teo,16.12.2012 PESTA PULAU PINANG,326,438,WESPA
Marlon Prudencio,Martin Teo,16.12.2012 PESTA PULAU PINANG,377,490,WESPA
Marlon Prudencio,Jocelyn Lor,29.06.2003 18th Brand's King's Cup 2003,359,441,WESPA
Marlon Prudencio,Jocelyn Lor,18.12.2005 4th Causeway Challenge,348,448,WESPA
Marlon Prudencio,Jocelyn Lor,10.12.2006 5th Causeway Challenge,365,418,WESPA
Marlon Prudencio,Jocelyn Lor,19.06.2009 Penang,428,422,WESPA
Marlon Prudencio,Jocelyn Lor,11.06.2010 ICT Penang Open,487,327,WESPA
Marlon Prudencio,Jocelyn Lor,17.06.2011 ICT Penang Open,426,332,WESPA
Marlon Prudencio,Jocelyn Lor,29.06.2012 ICT2012,526,394,WESPA
Marlon Prudencio,Jocelyn Lor,16.12.2012 PESTA PULAU PINANG,275,435,WESPA
Marlon Prudencio,Jocelyn Lor,16.12.2012 PESTA PULAU PINANG,364,328,WESPA
Marlon Prudencio,Jocelyn Lor,14.07.2013 28th BRAND's Thailand International Crossword Game King's Cup,470,349,WESPA
Marlon Prudencio,Tan Jin Chor,18.12.2005 4th Causeway Challenge,347,383,WESPA
Marlon Prudencio,Tan Jin Chor,24.06.2007 22nd Brand's Kings Cup,299,508,WESPA
Marlon Prudencio,Tan Jin Chor,30.11.2008 Causeway Challenge (Premier),546,400,WESPA
Marlon Prudencio,Tan Jin Chor,20.09.2009 Baguio Centennial International Word Builders Tournament,451,389,WESPA
Marlon Prudencio,Tan Jin Chor,20.09.2009 Baguio Centennial International Word Builders Tournament,461,461,WESPA
Marlon Prudencio,Tan Jin Chor,20.09.2009 Baguio Centennial International Word Builders Tournament,472,503,WESPA
Marlon Prudencio,Tan Jin Chor,24.06.2012 27th BRANDS Thailand International Crossword Game King's Cup,404,445,WESPA
Marlon Prudencio,Tan Jin Chor,05.07.2013 PENANG INTERNATIONAL,342,478,WESPA
Marlon Prudencio,Tan Jin Chor,05.07.2013 PENANG INTERNATIONAL,446,383,WESPA
Marlon Prudencio,Tan Jin Chor,14.07.2013 28th BRAND's Thailand International Crossword Game King's Cup,476,469,WESPA
Marlon Prudencio,Alex Tan,19.06.2009 Penang,493,340,WESPA
Marlon Prudencio,Alex Tan,30.11.2011 CAUSEWAY 2011,582,360,WESPA
Marlon Prudencio,Alex Tan,29.06.2012 ICT2012,407,426,WESPA
Marlon Prudencio,Alex Tan,12.01.2014 iGATE International,446,373,WESPA
Tony Sim,Nigel Richards,15.05.2000 3rd Singapore Open,446,448,WESPA
Tony Sim,Nigel Richards,28.05.2000 Bertam World Masters,334,506,WESPA
Tony Sim,Nigel Richards,05.07.2000 15th Brand's King's Cup 2000 [1],344,527,WESPA
Tony Sim,Nigel Richards,05.07.2000 15th Brand's King's Cup 2000 [2],369,579,WESPA
Tony Sim,Nigel Richards,05.07.2000 15th Brand's King's Cup 2000 [2],366,531,WESPA
Tony Sim,Nigel Richards,06.05.2001 4th Singapore Open,432,414,WESPA
Tony Sim,Nigel Richards,06.05.2001 4th Singapore Open,242,504,WESPA
Tony Sim,Nigel Richards,22.12.2002 1st Causeway Challenge,313,475,WESPA
Tony Sim,Nigel Richards,22.12.2002 1st Causeway Challenge,380,404,WESPA
Tony Sim,Nigel Richards,17.10.2003 Pre-WSC Tournament,379,499,WESPA
Tony Sim,Nigel Richards,19.12.2004 Causeway Challenge,345,503,WESPA
Tony Sim,Nigel Richards,24.08.2007 Penang,340,418,WESPA
Tony Sim,Nigel Richards,22.06.2008 ICT Penang Open,377,440,WESPA
Tony Sim,Nigel Richards,29.06.2008 23rd Brands Kings Cup,498,506,WESPA
Tony Sim,Nigel Richards,30.11.2008 Causeway Challenge (Premier),400,658,WESPA
Tony Sim,Nigel Richards,05.07.2009 Sri Lanka Open International,371,424,WESPA
Tony Sim,Nigel Richards,05.07.2009 Sri Lanka Open International,439,369,WESPA
Tony Sim,Nigel Richards,05.07.2009 Sri Lanka Open International,393,463,WESPA
Tony Sim,Nigel Richards,05.07.2009 Sri Lanka Open International,435,452,WESPA
Tony Sim,Nigel Richards,05.07.2009 Sri Lanka Open International,315,508,WESPA
Tony Sim,Nigel Richards,05.07.2009 Sri Lanka Open International,354,460,WESPA
Tony Sim,Nigel Richards,20.09.2009 Baguio Centennial International Word Builders Tournament,443,374,WESPA
Tony Sim,Nigel Richards,20.09.2009 Baguio Centennial International Word Builders Tournament,432,435,WESPA
Tony Sim,Nigel Richards,08.12.2009 Johor Bahru Rnd Robin,399,504,WESPA
Tony Sim,Nigel Richards,15.01.2010 iGATE 2010 International Scrabble Tournament,372,481,WESPA
Tony Sim,Nigel Richards,20.06.2010 25th BRAND's Thailand International Crossword Game King's Cup,404,442,WESPA
Tony Sim,Nigel Richards,27.08.2010 Sri Lanka Internationl,459,478,WESPA
Tony Sim,Nigel Richards,17.01.2011  iGATE International Scrabble Tournament,352,499,WESPA
Tony Sim,Nigel Richards,17.06.2011 ICT Penang Open,428,445,WESPA
Tony Sim,Nigel Richards,26.06.2011 26th BRANDS King's Cup,442,382,WESPA
Tony Sim,Nigel Richards,03.07.2011 4th Sri Lanka Open,378,495,WESPA
Tony Sim,Nigel Richards,08.12.2011 Johor Bahru Progressive Round Robin,306,529,WESPA
Tony Sim,Nigel Richards,08.12.2011 Johor Bahru Progressive Round Robin,332,458,WESPA
Tony Sim,Nigel Richards,08.12.2011 Johor Bahru Progressive Round Robin,272,431,WESPA
Tony Sim,Nigel Richards,22.01.2012  iGATE International 2012,338,421,WESPA
Tony Sim,Nigel Richards,29.06.2012 ICT2012,474,453,WESPA
Tony Sim,Nigel Richards,29.06.2012 ICT2012,424,437,WESPA
Tony Sim,Nigel Richards,03.12.2012 2012 Prague Mind Sports Festival: SCRABBLE Main Event,217,550,WESPA
Tony Sim,Nigel Richards,04.12.2012 Prague Mind Sports Festival Scrabble Late Bird,464,417,WESPA
Tony Sim,Nigel Richards,20.01.2013  iGATE International 2013,476,310,WESPA
Tony Sim,Nigel Richards,20.01.2013  iGATE International 2013,416,443,WESPA
Tony Sim,Nigel Richards,05.07.2013 PENANG INTERNATIONAL,380,511,WESPA
Tony Sim,Nigel Richards,11.08.2013 5th Sri Lanka Open International Scrabble Championship,385,474,WESPA
Tony Sim,Nigel Richards,24.11.2013 Thai Princess Cup,444,411,WESPA
Tony Sim,Nigel Richards,12.01.2014 iGATE International,426,494,WESPA
Tony Sim,Nigel Richards,12.01.2014 iGATE International,332,475,WESPA
Tony Sim,Nigel Richards,13.04.2014 ASTAR 2014,352,571,WESPA
Tony Sim,Aaron Chong,22.12.2002 1st Causeway Challenge,455,448,WESPA
Tony Sim,Aaron Chong,22.12.2002 1st Causeway Challenge,460,325,WESPA
Tony Sim,Aaron Chong,23.10.2003 7th World Championships,413,403,WESPA
Tony Sim,Aaron Chong,14.12.2003 2nd Causeway Challenge,444,374,WESPA
Tony Sim,Aaron Chong,14.12.2003 2nd Causeway Challenge,426,423,WESPA
Tony Sim,Aaron Chong,19.12.2004 Causeway Challenge,471,404,WESPA
Tony Sim,Aaron Chong,18.12.2005 4th Causeway Challenge,305,441,WESPA
Tony Sim,Aaron Chong,02.07.2006 Kings Cup,458,379,WESPA
Tony Sim,Aaron Chong,24.08.2007 Penang,453,416,WESPA
Tony Sim,Aaron Chong,30.11.2008 Causeway Challenge (Premier),395,437,WESPA
Tony Sim,Aaron Chong,17.06.2011 ICT Penang Open,451,405,WESPA
Tony Sim,Vannitha Balasingam,07.07.2002 17th Brand's King's Cup 2002,489,358,WESPA
Tony Sim,Vannitha Balasingam,07.07.2002 17th Brand's King's Cup 2002,400,273,WESPA
Tony Sim,Vannitha Balasingam,22.12.2002 1st Causeway Challenge,450,506,WESPA
Tony Sim,Vannitha Balasingam,22.12.2002 1st Causeway Challenge,451,352,WESPA
Tony Sim,Vannitha Balasingam,14.12.2003 2nd Causeway Challenge,545,283,WESPA
Tony Sim,Vannitha Balasingam,14.12.2003 2nd Causeway Challenge,405,455,WESPA
Tony Sim,Vannitha Balasingam,02.07.2006 Kings Cup,437,383,WESPA
Tony Sim,Vannitha Balasingam,24.08.2007 Penang,445,370,WESPA
Tony Sim,Vannitha Balasingam,24.08.2007 Penang,421,415,WESPA
Tony Sim,Vannitha Balasingam,24.08.2007 Penang,523,344,WESPA
Tony Sim,Vannitha Balasingam,22.06.2008 ICT Penang Open,504,339,WESPA
Tony Sim,Vannitha Balasingam,29.06.2008 23rd Brands Kings Cup,422,380,WESPA
Tony Sim,Vannitha Balasingam,30.11.2008 Causeway Challenge (Premier),434,454,WESPA
Tony Sim,Vannitha Balasingam,19.06.2009 Penang,385,392,WESPA
Tony Sim,Vannitha Balasingam,20.09.2009 Baguio Centennial International Word Builders Tournament,435,412,WESPA
Tony Sim,Vannitha Balasingam,05.12.2010 Causeway Challenge,442,373,WESPA
Tony Sim,Vannitha Balasingam,05.12.2010 Causeway Challenge,434,441,WESPA
Tony Sim,Vannitha Balasingam,05.12.2010 Causeway Challenge,544,427,WESPA
Tony Sim,Vannitha Balasingam,30.11.2011 CAUSEWAY 2011,435,436,WESPA
Tony Sim,Vannitha Balasingam,30.11.2011 CAUSEWAY 2011,371,449,WESPA
Tony Sim,Vannitha Balasingam,24.06.2012 27th BRANDS Thailand International Crossword Game King's Cup,319,446,WESPA
Tony Sim,Yeo Kian Hung,14.12.2003 2nd Causeway Challenge,329,408,WESPA
Tony Sim,Yeo Kian Hung,14.12.2003 2nd Causeway Challenge,479,305,WESPA
Tony Sim,Yeo Kian Hung,18.12.2005 4th Causeway Challenge,504,389,WESPA
Tony Sim,Yeo Kian Hung,25.06.2006 ICT Penang Open,365,429,WESPA
Tony Sim,Yeo Kian Hung,02.07.2006 Kings Cup,456,406,WESPA
Tony Sim,Yeo Kian Hung,22.06.2008 ICT Penang Open,367,444,WESPA
Tony Sim,Yeo Kian Hung,30.11.2008 Causeway Challenge (Premier),438,357,WESPA
Tony Sim,Yeo Kian Hung,19.06.2009 Penang,362,464,WESPA
Tony Sim,Yeo Kian Hung,19.06.2009 Penang,413,539,WESPA
Tony Sim,Yeo Kian Hung,20.09.2009 Baguio Centennial International Word Builders Tournament,478,308,WESPA
Tony Sim,Yeo Kian Hung,20.09.2009 Baguio Centennial International Word Builders Tournament,446,358,WESPA
Tony Sim,Yeo Kian Hung,20.09.2009 Baguio Centennial International Word Builders Tournament,364,496,WESPA
Tony Sim,Yeo Kian Hung,20.09.2009 Baguio Centennial International Word Builders Tournament,434,387,WESPA
Tony Sim,Yeo Kian Hung,11.06.2010 ICT Penang Open,423,460,WESPA
Tony Sim,Yeo Kian Hung,20.06.2010 25th BRAND's Thailand International Crossword Game King's Cup,314,451,WESPA
Tony Sim,Yeo Kian Hung,17.01.2011  iGATE International Scrabble Tournament,573,362,WESPA
Tony Sim,Yeo Kian Hung,15.10.2011 2011 World Scrabble Championship,395,386,WESPA
Tony Sim,Yeo Kian Hung,24.06.2012 27th BRANDS Thailand International Crossword Game King's Cup,322,411,WESPA
Tony Sim,Yeo Kian Hung,29.06.2012 ICT2012,394,470,WESPA
Tony Sim,Yeo Kian Hung,16.12.2012 PESTA PULAU PINANG,404,506,WESPA
Tony Sim,Yeo Kian Hung,20.01.2013  iGATE International 2013,333,561,WESPA
Tony Sim,Yeo Kian Hung,20.01.2013  iGATE International 2013,356,398,WESPA
Tony Sim,Yeo Kian Hung,05.07.2013 PENANG INTERNATIONAL,379,447,WESPA
Tony Sim,Yeo Kian Hung,05.07.2013 PENANG INTERNATIONAL,334,448,WESPA
Tony Sim,Yeo Kian Hung,13.04.2014 ASTAR 2014,335,439,WESPA
Tony Sim,William Kang,19.06.2009 Penang,336,340,WESPA
Tony Sim,William Kang,16.12.2012 PESTA PULAU PINANG,324,386,WESPA
Tony Sim,William Kang,08.12.2013 Scrabble Champions Tournament Open #3,411,376,WESPA
Tony Sim,Martin Teo,22.06.2008 ICT Penang Open,522,414,WESPA
Tony Sim,Martin Teo,04.12.2009 CAUSEWAY OPEN,367,463,WESPA
Tony Sim,Martin Teo,11.06.2010 ICT Penang Open,503,306,WESPA
Tony Sim,Martin Teo,05.12.2010 Causeway Challenge,391,343,WESPA
Tony Sim,Martin Teo,05.12.2010 Causeway Challenge,354,434,WESPA
Tony Sim,Martin Teo,17.06.2011 ICT Penang Open,419,326,WESPA
Tony Sim,Martin Teo,30.11.2011 CAUSEWAY 2011,438,348,WESPA
Tony Sim,Martin Teo,29.06.2012 ICT2012,408,399,WESPA
Tony Sim,Martin Teo,16.12.2012 PESTA PULAU PINANG,367,387,WESPA
Tony Sim,Martin Teo,16.12.2012 PESTA PULAU PINANG,478,389,WESPA
Tony Sim,Vinnith Ramamurti,24.06.2012 27th BRANDS Thailand International Crossword Game King's Cup,537,345,WESPA
Tony Sim,Jocelyn Lor,31.05.1997 Philippines Premiere,383,448,WESPA
Tony Sim,Jocelyn Lor,15.05.2000 3rd Singapore Open,343,329,WESPA
Tony Sim,Jocelyn Lor,15.05.2000 3rd Singapore Open,335,401,WESPA
Tony Sim,Jocelyn Lor,28.05.2000 Bertam World Masters,398,309,WESPA
Tony Sim,Jocelyn Lor,06.05.2001 4th Singapore Open,410,427,WESPA
Tony Sim,Jocelyn Lor,22.12.2002 1st Causeway Challenge,382,460,WESPA
Tony Sim,Jocelyn Lor,22.12.2002 1st Causeway Challenge,303,498,WESPA
Tony Sim,Jocelyn Lor,14.12.2003 2nd Causeway Challenge,437,353,WESPA
Tony Sim,Jocelyn Lor,14.12.2003 2nd Causeway Challenge,435,273,WESPA
Tony Sim,Jocelyn Lor,18.12.2005 4th Causeway Challenge,379,333,WESPA
Tony Sim,Jocelyn Lor,24.08.2007 Penang,397,396,WESPA
Tony Sim,Jocelyn Lor,30.11.2007 Causeway Challenge Open,389,428,WESPA
Tony Sim,Jocelyn Lor,30.11.2007 Causeway Challenge Open,402,386,WESPA
Tony Sim,Jocelyn Lor,22.06.2008 ICT Penang Open,375,346,WESPA
Tony Sim,Jocelyn Lor,19.06.2009 Penang,362,461,WESPA
Tony Sim,Jocelyn Lor,28.06.2009 Kings Cup,497,311,WESPA
Tony Sim,Jocelyn Lor,20.09.2009 Baguio Centennial International Word Builders Tournament,342,456,WESPA
Tony Sim,Jocelyn Lor,08.12.2009 Johor Bahru Rnd Robin,443,346,WESPA
Tony Sim,Jocelyn Lor,08.12.2009 Johor Bahru Rnd Robin,430,350,WESPA
Tony Sim,Jocelyn Lor,05.12.2010 Causeway Challenge,461,391,WESPA
Tony Sim,Jocelyn Lor,05.12.2010 Causeway Challenge,498,360,WESPA
Tony Sim,Jocelyn Lor,08.12.2011 Johor Bahru Progressive Round Robin,447,355,WESPA
Tony Sim,Jocelyn Lor,08.12.2011 Johor Bahru Progressive Round Robin,417,379,WESPA
Tony Sim,Jocelyn Lor,16.12.2012 PESTA PULAU PINANG,443,384,WESPA
Tony Sim,Jocelyn Lor,05.07.2013 PENANG INTERNATIONAL,567,314,WESPA
Tony Sim,Jocelyn Lor,14.07.2013 28th BRAND's Thailand International Crossword Game King's Cup,391,485,WESPA
Tony Sim,Jocelyn Lor,13.04.2014 ASTAR 2014,467,380,WESPA
Tony Sim,Tan Jin Chor,22.12.2002 1st Causeway Challenge,469,352,WESPA
Tony Sim,Tan Jin Chor,22.12.2002 1st Causeway Challenge,530,301,WESPA
Tony Sim,Tan Jin Chor,29.06.2003 18th Brand's King's Cup 2003,453,329,WESPA
Tony Sim,Tan Jin Chor,18.12.2005 4th Causeway Challenge,396,380,WESPA
Tony Sim,Tan Jin Chor,25.06.2006 ICT Penang Open,342,416,WESPA
Tony Sim,Tan Jin Chor,25.06.2006 ICT Penang Open,395,425,WESPA
Tony Sim,Tan Jin Chor,24.08.2007 Penang,381,352,WESPA
Tony Sim,Tan Jin Chor,30.11.2007 Causeway Challenge Open,456,324,WESPA
Tony Sim,Tan Jin Chor,30.11.2008 Causeway Challenge (Premier),531,357,WESPA
Tony Sim,Tan Jin Chor,08.12.2009 Johor Bahru Rnd Robin,494,315,WESPA
Tony Sim,Tan Jin Chor,11.06.2010 ICT Penang Open,517,318,WESPA
Tony Sim,Tan Jin Chor,08.12.2011 Johor Bahru Progressive Round Robin,419,397,WESPA
Tony Sim,Tan Jin Chor,08.12.2011 Johor Bahru Progressive Round Robin,371,385,WESPA
Tony Sim,Tan Jin Chor,08.12.2011 Johor Bahru Progressive Round Robin,473,395,WESPA
Tony Sim,Tan Jin Chor,29.06.2012 ICT2012,413,405,WESPA
Tony Sim,Tan Jin Chor,05.07.2013 PENANG INTERNATIONAL,418,424,WESPA
Tony Sim,Tan Jin Chor,05.07.2013 PENANG INTERNATIONAL,478,420,WESPA
Tony Sim,Alex Tan,31.05.1997 Philippines Premiere,395,415,WESPA
Tony Sim,Alex Tan,22.12.2002 1st Causeway Challenge,374,462,WESPA
Tony Sim,Alex Tan,22.12.2002 1st Causeway Challenge,343,439,WESPA
Tony Sim,Alex Tan,14.12.2003 2nd Causeway Challenge,431,380,WESPA
Tony Sim,Alex Tan,14.12.2003 2nd Causeway Challenge,501,342,WESPA
Tony Sim,Alex Tan,28.06.2004 19th Brand's Kings Cup 2004,454,349,WESPA
Tony Sim,Alex Tan,19.12.2004 Causeway Challenge,470,337,WESPA
Tony Sim,Alex Tan,30.11.2007 Causeway Challenge Open,407,328,WESPA
Tony Sim,Alex Tan,22.06.2008 ICT Penang Open,462,338,WESPA
Tony Sim,Alex Tan,30.11.2011 CAUSEWAY 2011,411,397,WESPA
Tony Sim,Alex Tan,29.06.2012 ICT2012,394,461,WESPA
Tony Sim,Alex Tan,29.06.2012 ICT2012,451,407,WESPA
Tony Sim,Alex Tan,24.11.2013 Thai Princess Cup,379,403,WESPA
Tony Sim,Alex Tan,13.04.2014 ASTAR 2014,387,395,WESPA
Wong Zhi Yuan,Nigel Richards,03.12.2012 2012 Prague Mind Sports Festival: SCRABBLE Main Event,431,442,WESPA
Wong Zhi Yuan,Nigel Richards,04.01.2014 The 7th UK Open,412,518,WESPA
Wong Zhi Yuan,Vannitha Balasingam,07.12.2013 Scrabble Champions Tournament Main Event (WSC),309,456,WESPA
Wong Zhi Yuan,William Kang,09.12.2008 World Youth Scrabble Championship,297,409,WESPA
Wong Zhi Yuan,William Kang,10.12.2010 2010 World Youth Scrabble Championship,406,400,WESPA
Wong Zhi Yuan,Jocelyn Lor,14.07.2013 28th BRAND's Thailand International Crossword Game King's Cup,449,455,WESPA
Wong Zhi Yuan,Tan Jin Chor,14.07.2013 28th BRAND's Thailand International Crossword Game King's Cup,454,309,WESPA
Wong Zhi Yuan,Tan Jin Chor,07.12.2013 Scrabble Champions Tournament Main Event (WSC),477,389,WESPA
Victor Gwee,William Kang,04.12.2007 World Youth Scrabble Championship,352,396,WESPA
Victor Gwee,William Kang,10.12.2009 World Youth Championship,350,464,WESPA
Victor Gwee,William Kang,10.12.2009 World Youth Championship,436,371,WESPA
Victor Gwee,William Kang,10.12.2010 2010 World Youth Scrabble Championship,341,443,WESPA
Victor Gwee,William Kang,08.12.2011 2011 World Youth Championships,363,524,WESPA
Victor Chua,Nigel Richards,30.11.2008 Causeway Challenge (Premier),332,537,WESPA
Victor Chua,Aaron Chong,30.11.2008 Causeway Challenge (Premier),325,370,WESPA
Victor Chua,Vannitha Balasingam,30.11.2008 Causeway Challenge (Premier),490,322,WESPA
Victor Chua,Yeo Kian Hung,30.11.2008 Causeway Challenge (Premier),370,447,WESPA
Victor Chua,Tan Jin Chor,30.11.2008 Causeway Challenge (Premier),455,400,WESPA
Ricky Purnomo,Nigel Richards,15.05.2000 3rd Singapore Open,407,373,WESPA
Ricky Purnomo,Nigel Richards,06.05.2001 4th Singapore Open,412,439,WESPA
Ricky Purnomo,Nigel Richards,07.07.2002 17th Brand's King's Cup 2002,415,492,WESPA
Ricky Purnomo,Nigel Richards,22.12.2002 1st Causeway Challenge,385,405,WESPA
Ricky Purnomo,Nigel Richards,22.12.2002 1st Causeway Challenge,398,446,WESPA
Ricky Purnomo,Nigel Richards,19.12.2004 Causeway Challenge,437,434,WESPA
Ricky Purnomo,Nigel Richards,19.06.2009 Penang,343,377,WESPA
Ricky Purnomo,Nigel Richards,28.06.2009 Kings Cup,341,498,WESPA
Ricky Purnomo,Nigel Richards,30.11.2009 Causeway Challenge,436,452,WESPA
Ricky Purnomo,Nigel Richards,11.06.2010 ICT Penang Open,409,376,WESPA
Ricky Purnomo,Nigel Richards,20.06.2010 25th BRAND's Thailand International Crossword Game King's Cup,395,462,WESPA
Ricky Purnomo,Nigel Richards,17.06.2011 ICT Penang Open,313,530,WESPA
Ricky Purnomo,Nigel Richards,05.07.2013 PENANG INTERNATIONAL,408,451,WESPA
Ricky Purnomo,Aaron Chong,22.12.2002 1st Causeway Challenge,333,436,WESPA
Ricky Purnomo,Aaron Chong,22.12.2002 1st Causeway Challenge,427,337,WESPA
Ricky Purnomo,Aaron Chong,19.12.2004 Causeway Challenge,450,266,WESPA
Ricky Purnomo,Aaron Chong,18.12.2005 4th Causeway Challenge,341,533,WESPA
Ricky Purnomo,Aaron Chong,17.06.2011 ICT Penang Open,331,519,WESPA
Ricky Purnomo,Aaron Chong,15.10.2011 2011 World Scrabble Championship,404,388,WESPA
Ricky Purnomo,Vannitha Balasingam,22.12.2002 1st Causeway Challenge,394,385,WESPA
Ricky Purnomo,Vannitha Balasingam,22.12.2002 1st Causeway Challenge,366,375,WESPA
Ricky Purnomo,Vannitha Balasingam,02.07.2006 Kings Cup,517,324,WESPA
Ricky Purnomo,Vannitha Balasingam,19.06.2009 Penang,541,276,WESPA
Ricky Purnomo,Vannitha Balasingam,05.12.2010 Causeway Challenge,314,446,WESPA
Ricky Purnomo,Vannitha Balasingam,05.12.2010 Causeway Challenge,439,449,WESPA
Ricky Purnomo,Vannitha Balasingam,05.12.2010 Causeway Challenge,543,403,WESPA
Ricky Purnomo,Yeo Kian Hung,19.12.2004 Causeway Challenge,420,342,WESPA
Ricky Purnomo,Yeo Kian Hung,18.12.2005 4th Causeway Challenge,390,390,WESPA
Ricky Purnomo,Yeo Kian Hung,24.06.2007 22nd Brand's Kings Cup,325,406,WESPA
Ricky Purnomo,Yeo Kian Hung,24.06.2007 22nd Brand's Kings Cup,554,394,WESPA
Ricky Purnomo,Yeo Kian Hung,24.06.2007 22nd Brand's Kings Cup,481,425,WESPA
Ricky Purnomo,Yeo Kian Hung,11.06.2010 ICT Penang Open,335,397,WESPA
Ricky Purnomo,Yeo Kian Hung,17.06.2011 ICT Penang Open,484,351,WESPA
Ricky Purnomo,Yeo Kian Hung,16.12.2012 PESTA PULAU PINANG,401,460,WESPA
Ricky Purnomo,Yeo Kian Hung,16.12.2012 PESTA PULAU PINANG,369,488,WESPA
Ricky Purnomo,Yeo Kian Hung,05.07.2013 PENANG INTERNATIONAL,360,432,WESPA
Ricky Purnomo,Yeo Kian Hung,05.07.2013 PENANG INTERNATIONAL,327,463,WESPA
Ricky Purnomo,Yeo Kian Hung,14.07.2013 28th BRAND's Thailand International Crossword Game King's Cup,350,493,WESPA
Ricky Purnomo,Yeo Kian Hung,21.04.2014 Australian Championship,524,402,WESPA
Ricky Purnomo,William Kang,19.06.2009 Penang,545,305,WESPA
Ricky Purnomo,William Kang,19.06.2009 Penang,424,437,WESPA
Ricky Purnomo,William Kang,17.06.2011 ICT Penang Open,404,413,WESPA
Ricky Purnomo,William Kang,16.12.2012 PESTA PULAU PINANG,453,452,WESPA
Ricky Purnomo,William Kang,16.12.2012 PESTA PULAU PINANG,309,503,WESPA
Ricky Purnomo,Martin Teo,11.06.2010 ICT Penang Open,420,475,WESPA
Ricky Purnomo,Martin Teo,05.12.2010 Causeway Challenge,376,429,WESPA
Ricky Purnomo,Martin Teo,05.12.2010 Causeway Challenge,572,298,WESPA
Ricky Purnomo,Martin Teo,16.12.2012 PESTA PULAU PINANG,408,432,WESPA
Ricky Purnomo,Martin Teo,16.12.2012 PESTA PULAU PINANG,363,328,WESPA
Ricky Purnomo,Martin Teo,16.12.2012 PESTA PULAU PINANG,471,457,WESPA
Ricky Purnomo,Jocelyn Lor,27.06.1999 Channel NewsAsia World Masters,383,418,WESPA
Ricky Purnomo,Jocelyn Lor,06.05.2001 4th Singapore Open,330,387,WESPA
Ricky Purnomo,Jocelyn Lor,06.05.2001 4th Singapore Open,436,435,WESPA
Ricky Purnomo,Jocelyn Lor,22.12.2002 1st Causeway Challenge,404,408,WESPA
Ricky Purnomo,Jocelyn Lor,22.12.2002 1st Causeway Challenge,282,549,WESPA
Ricky Purnomo,Jocelyn Lor,19.12.2004 Causeway Challenge,424,357,WESPA
Ricky Purnomo,Jocelyn Lor,18.12.2005 4th Causeway Challenge,639,283,WESPA
Ricky Purnomo,Jocelyn Lor,29.06.2008 23rd Brands Kings Cup,539,304,WESPA
Ricky Purnomo,Jocelyn Lor,19.06.2009 Penang,370,332,WESPA
Ricky Purnomo,Jocelyn Lor,19.06.2009 Penang,516,336,WESPA
Ricky Purnomo,Jocelyn Lor,19.06.2009 Penang,413,486,WESPA
Ricky Purnomo,Jocelyn Lor,28.06.2009 Kings Cup,378,322,WESPA
Ricky Purnomo,Jocelyn Lor,11.06.2010 ICT Penang Open,521,340,WESPA
Ricky Purnomo,Jocelyn Lor,17.06.2011 ICT Penang Open,404,418,WESPA
Ricky Purnomo,Jocelyn Lor,26.06.2011 26th BRANDS King's Cup,319,385,WESPA
Ricky Purnomo,Jocelyn Lor,30.11.2011 CAUSEWAY 2011,473,398,WESPA
Ricky Purnomo,Jocelyn Lor,30.11.2011 CAUSEWAY 2011,508,286,WESPA
Ricky Purnomo,Jocelyn Lor,16.12.2012 PESTA PULAU PINANG,451,560,WESPA
Ricky Purnomo,Jocelyn Lor,16.12.2012 PESTA PULAU PINANG,459,445,WESPA
Ricky Purnomo,Jocelyn Lor,05.07.2013 PENANG INTERNATIONAL,328,554,WESPA
Ricky Purnomo,Jocelyn Lor,05.07.2013 PENANG INTERNATIONAL,508,443,WESPA
Ricky Purnomo,Tan Jin Chor,22.12.2002 1st Causeway Challenge,427,427,WESPA
Ricky Purnomo,Tan Jin Chor,22.12.2002 1st Causeway Challenge,518,368,WESPA
Ricky Purnomo,Tan Jin Chor,19.12.2004 Causeway Challenge,453,356,WESPA
Ricky Purnomo,Tan Jin Chor,18.12.2005 4th Causeway Challenge,414,379,WESPA
Ricky Purnomo,Tan Jin Chor,28.06.2009 Kings Cup,282,398,WESPA
Ricky Purnomo,Tan Jin Chor,11.06.2010 ICT Penang Open,474,406,WESPA
Ricky Purnomo,Tan Jin Chor,30.11.2011 CAUSEWAY 2011,342,426,WESPA
Ricky Purnomo,Tan Jin Chor,30.11.2011 CAUSEWAY 2011,539,313,WESPA
Ricky Purnomo,Tan Jin Chor,30.11.2011 CAUSEWAY 2011,456,384,WESPA
Ricky Purnomo,Tan Jin Chor,30.11.2011 CAUSEWAY 2011,486,354,WESPA
Ricky Purnomo,Tan Jin Chor,05.07.2013 PENANG INTERNATIONAL,461,403,WESPA
Ricky Purnomo,Tan Jin Chor,14.07.2013 28th BRAND's Thailand International Crossword Game King's Cup,467,339,WESPA
Ricky Purnomo,Alex Tan,27.06.1999 Channel NewsAsia World Masters,323,415,WESPA
Ricky Purnomo,Alex Tan,22.12.2002 1st Causeway Challenge,439,245,WESPA
Ricky Purnomo,Alex Tan,22.12.2002 1st Causeway Challenge,459,388,WESPA
Ricky Purnomo,Alex Tan,19.12.2004 Causeway Challenge,396,343,WESPA
Ricky Purnomo,Alex Tan,26.06.2005 20th Brand's Kings Cup 2005,357,454,WESPA
Ricky Purnomo,Alex Tan,26.06.2005 20th Brand's Kings Cup 2005,367,454,WESPA
Ricky Purnomo,Alex Tan,19.06.2009 Penang,429,445,WESPA
Ricky Purnomo,Alex Tan,17.06.2011 ICT Penang Open,382,440,WESPA
Ricky Purnomo,Alex Tan,12.01.2014 iGATE International,397,425,WESPA
Michael Tang,Nigel Richards,15.05.2000 3rd Singapore Open,296,625,WESPA
Michael Tang,Nigel Richards,15.05.2000 3rd Singapore Open,401,486,WESPA
Michael Tang,Nigel Richards,28.05.2000 Bertam World Masters,445,411,WESPA
Michael Tang,Nigel Richards,06.05.2001 4th Singapore Open,503,496,WESPA
Michael Tang,Nigel Richards,06.05.2001 4th Singapore Open,400,481,WESPA
Michael Tang,Nigel Richards,01.07.200116th Brand's King's Cup 2001,300,400,WESPA
Michael Tang,Nigel Richards,22.12.2002 1st Causeway Challenge,487,392,WESPA
Michael Tang,Nigel Richards,22.12.2002 1st Causeway Challenge,353,517,WESPA
Michael Tang,Nigel Richards,29.06.2003 18th Brand's King's Cup 2003,356,502,WESPA
Michael Tang,Nigel Richards,19.12.2004 Causeway Challenge,421,451,WESPA
Michael Tang,Nigel Richards,02.07.2006 Kings Cup,454,381,WESPA
Michael Tang,Nigel Richards,10.12.2006 5th Causeway Challenge,332,499,WESPA
Michael Tang,Nigel Richards,24.08.2007 Penang,421,422,WESPA
Michael Tang,Nigel Richards,22.06.2008 ICT Penang Open,321,482,WESPA
Michael Tang,Nigel Richards,19.06.2009 Penang,351,464,WESPA
Michael Tang,Nigel Richards,20.09.2009 Baguio Centennial International Word Builders Tournament,375,512,WESPA
Michael Tang,Nigel Richards,15.01.2010 iGATE 2010 International Scrabble Tournament,475,353,WESPA
Michael Tang,Nigel Richards,15.01.2010 iGATE 2010 International Scrabble Tournament,354,453,WESPA
Michael Tang,Nigel Richards,20.06.2010 25th BRAND's Thailand International Crossword Game King's Cup,346,534,WESPA
Michael Tang,Nigel Richards,17.01.2011  iGATE International Scrabble Tournament,445,470,WESPA
Michael Tang,Nigel Richards,29.06.2012 ICT2012,365,519,WESPA
Michael Tang,Nigel Richards,05.07.2013 PENANG INTERNATIONAL,327,424,WESPA
Michael Tang,Nigel Richards,12.01.2014 iGATE International,348,395,WESPA
Michael Tang,Nigel Richards,13.04.2014 ASTAR 2014,362,429,WESPA
Michael Tang,Nigel Richards,13.04.2014 ASTAR 2014,287,526,WESPA
Michael Tang,Aaron Chong,22.12.2002 1st Causeway Challenge,314,578,WESPA
Michael Tang,Aaron Chong,22.12.2002 1st Causeway Challenge,489,401,WESPA
Michael Tang,Aaron Chong,14.12.2003 2nd Causeway Challenge,346,486,WESPA
Michael Tang,Aaron Chong,14.12.2003 2nd Causeway Challenge,317,464,WESPA
Michael Tang,Aaron Chong,19.12.2004 Causeway Challenge,326,534,WESPA
Michael Tang,Aaron Chong,18.12.2005 4th Causeway Challenge,376,439,WESPA
Michael Tang,Aaron Chong,10.12.2006 5th Causeway Challenge,454,388,WESPA
Michael Tang,Aaron Chong,24.08.2007 Penang,321,435,WESPA
Michael Tang,Vannitha Balasingam,07.07.2002 17th Brand's King's Cup 2002,368,322,WESPA
Michael Tang,Vannitha Balasingam,07.07.2002 17th Brand's King's Cup 2002,433,308,WESPA
Michael Tang,Vannitha Balasingam,22.12.2002 1st Causeway Challenge,396,339,WESPA
Michael Tang,Vannitha Balasingam,22.12.2002 1st Causeway Challenge,350,342,WESPA
Michael Tang,Vannitha Balasingam,14.12.2003 2nd Causeway Challenge,334,383,WESPA
Michael Tang,Vannitha Balasingam,14.12.2003 2nd Causeway Challenge,448,363,WESPA
Michael Tang,Vannitha Balasingam,10.12.2006 5th Causeway Challenge,488,419,WESPA
Michael Tang,Vannitha Balasingam,24.08.2007 Penang,455,387,WESPA
Michael Tang,Vannitha Balasingam,20.09.2009 Baguio Centennial International Word Builders Tournament,384,381,WESPA
Michael Tang,Vannitha Balasingam,20.09.2009 Baguio Centennial International Word Builders Tournament,278,583,WESPA
Michael Tang,Vannitha Balasingam,24.06.2012 27th BRANDS Thailand International Crossword Game King's Cup,368,380,WESPA
Michael Tang,Vannitha Balasingam,29.06.2012 ICT2012,388,378,WESPA
Michael Tang,Yeo Kian Hung,14.12.2003 2nd Causeway Challenge,468,361,WESPA
Michael Tang,Yeo Kian Hung,14.12.2003 2nd Causeway Challenge,475,406,WESPA
Michael Tang,Yeo Kian Hung,19.12.2004 Causeway Challenge,374,380,WESPA
Michael Tang,Yeo Kian Hung,26.06.2005 20th Brand's Kings Cup 2005,323,370,WESPA
Michael Tang,Yeo Kian Hung,18.12.2005 4th Causeway Challenge,394,410,WESPA
Michael Tang,Yeo Kian Hung,02.07.2006 Kings Cup,338,424,WESPA
Michael Tang,Yeo Kian Hung,24.08.2007 Penang,401,393,WESPA
Michael Tang,Yeo Kian Hung,22.06.2008 ICT Penang Open,345,526,WESPA
Michael Tang,Yeo Kian Hung,20.06.2010 25th BRAND's Thailand International Crossword Game King's Cup,343,375,WESPA
Michael Tang,Yeo Kian Hung,17.01.2011  iGATE International Scrabble Tournament,500,386,WESPA
Michael Tang,Yeo Kian Hung,26.06.2011 26th BRANDS King's Cup,433,438,WESPA
Michael Tang,Yeo Kian Hung,24.06.2012 27th BRANDS Thailand International Crossword Game King's Cup,384,397,WESPA
Michael Tang,Yeo Kian Hung,24.06.2012 27th BRANDS Thailand International Crossword Game King's Cup,389,498,WESPA
Michael Tang,Yeo Kian Hung,05.07.2013 PENANG INTERNATIONAL,443,358,WESPA
Michael Tang,Yeo Kian Hung,05.07.2013 PENANG INTERNATIONAL,431,468,WESPA
Michael Tang,Yeo Kian Hung,05.07.2013 PENANG INTERNATIONAL,396,518,WESPA
Michael Tang,Yeo Kian Hung,13.04.2014 ASTAR 2014,553,362,WESPA
Michael Tang,William Kang,19.06.2009 Penang,421,389,WESPA
Michael Tang,William Kang,19.06.2009 Penang,342,465,WESPA
Michael Tang,William Kang,29.11.2009 World Scrabble Championship,300,374,WESPA
Michael Tang,William Kang,16.12.2012 PESTA PULAU PINANG,529,429,WESPA
Michael Tang,Martin Teo,22.06.2008 ICT Penang Open,425,496,WESPA
Michael Tang,Martin Teo,29.06.2012 ICT2012,380,465,WESPA
Michael Tang,Martin Teo,16.12.2012 PESTA PULAU PINANG,351,491,WESPA
Michael Tang,Martin Teo,16.12.2012 PESTA PULAU PINANG,387,400,WESPA
Michael Tang,Martin Teo,14.07.2013 28th BRAND's Thailand International Crossword Game King's Cup,388,431,WESPA
Michael Tang,Jocelyn Lor,27.06.1999 Channel NewsAsia World Masters,388,444,WESPA
Michael Tang,Jocelyn Lor,15.05.2000 3rd Singapore Open,316,318,WESPA
Michael Tang,Jocelyn Lor,06.05.2001 4th Singapore Open,346,355,WESPA
Michael Tang,Jocelyn Lor,22.12.2002 1st Causeway Challenge,368,391,WESPA
Michael Tang,Jocelyn Lor,22.12.2002 1st Causeway Challenge,353,392,WESPA
Michael Tang,Jocelyn Lor,14.12.2003 2nd Causeway Challenge,412,404,WESPA
Michael Tang,Jocelyn Lor,14.12.2003 2nd Causeway Challenge,274,510,WESPA
Michael Tang,Jocelyn Lor,19.12.2004 Causeway Challenge,407,371,WESPA
Michael Tang,Jocelyn Lor,18.12.2005 4th Causeway Challenge,345,270,WESPA
Michael Tang,Jocelyn Lor,10.12.2006 5th Causeway Challenge,332,383,WESPA
Michael Tang,Jocelyn Lor,24.08.2007 Penang,289,448,WESPA
Michael Tang,Jocelyn Lor,19.06.2009 Penang,341,484,WESPA
Michael Tang,Jocelyn Lor,20.09.2009 Baguio Centennial International Word Builders Tournament,370,370,WESPA
Michael Tang,Jocelyn Lor,20.09.2009 Baguio Centennial International Word Builders Tournament,386,384,WESPA
Michael Tang,Jocelyn Lor,20.09.2009 Baguio Centennial International Word Builders Tournament,350,352,WESPA
Michael Tang,Jocelyn Lor,08.12.2009 Johor Bahru Rnd Robin,384,407,WESPA
Michael Tang,Jocelyn Lor,08.12.2009 Johor Bahru Rnd Robin,491,365,WESPA
Michael Tang,Jocelyn Lor,26.06.2011 26th BRANDS King's Cup,470,434,WESPA
Michael Tang,Jocelyn Lor,24.06.2012 27th BRANDS Thailand International Crossword Game King's Cup,428,396,WESPA
Michael Tang,Jocelyn Lor,29.06.2012 ICT2012,401,477,WESPA
Michael Tang,Jocelyn Lor,16.12.2012 PESTA PULAU PINANG,514,346,WESPA
Michael Tang,Jocelyn Lor,05.07.2013 PENANG INTERNATIONAL,369,440,WESPA
Michael Tang,Jocelyn Lor,05.07.2013 PENANG INTERNATIONAL,497,351,WESPA
Michael Tang,Jocelyn Lor,13.04.2014 ASTAR 2014,430,368,WESPA
Michael Tang,Tan Jin Chor,15.05.2000 3rd Singapore Open,406,334,WESPA
Michael Tang,Tan Jin Chor,28.05.2000 Bertam World Masters,470,399,WESPA
Michael Tang,Tan Jin Chor,22.12.2002 1st Causeway Challenge,336,362,WESPA
Michael Tang,Tan Jin Chor,22.12.2002 1st Causeway Challenge,430,436,WESPA
Michael Tang,Tan Jin Chor,29.06.2003 18th Brand's King's Cup 2003,360,357,WESPA
Michael Tang,Tan Jin Chor,19.12.2004 Causeway Challenge,419,376,WESPA
Michael Tang,Tan Jin Chor,26.06.2005 20th Brand's Kings Cup 2005,370,359,WESPA
Michael Tang,Tan Jin Chor,18.12.2005 4th Causeway Challenge,433,327,WESPA
Michael Tang,Tan Jin Chor,02.07.2006 Kings Cup,470,376,WESPA
Michael Tang,Tan Jin Chor,22.06.2008 ICT Penang Open,444,366,WESPA
Michael Tang,Tan Jin Chor,22.06.2008 ICT Penang Open,471,348,WESPA
Michael Tang,Tan Jin Chor,29.06.2008 23rd Brands Kings Cup,300,384,WESPA
Michael Tang,Tan Jin Chor,29.06.2008 23rd Brands Kings Cup,402,442,WESPA
Michael Tang,Tan Jin Chor,19.06.2009 Penang,375,340,WESPA
Michael Tang,Tan Jin Chor,19.06.2009 Penang,403,364,WESPA
Michael Tang,Tan Jin Chor,28.06.2009 Kings Cup,474,384,WESPA
Michael Tang,Tan Jin Chor,20.09.2009 Baguio Centennial International Word Builders Tournament,490,322,WESPA
Michael Tang,Tan Jin Chor,20.09.2009 Baguio Centennial International Word Builders Tournament,444,402,WESPA
Michael Tang,Tan Jin Chor,20.09.2009 Baguio Centennial International Word Builders Tournament,296,445,WESPA
Michael Tang,Tan Jin Chor,08.12.2009 Johor Bahru Rnd Robin,400,358,WESPA
Michael Tang,Tan Jin Chor,08.12.2009 Johor Bahru Rnd Robin,408,600,WESPA
Michael Tang,Tan Jin Chor,08.12.2009 Johor Bahru Rnd Robin,398,370,WESPA
Michael Tang,Tan Jin Chor,11.06.2010 ICT Penang Open,357,422,WESPA
Michael Tang,Tan Jin Chor,11.06.2010 ICT Penang Open,536,327,WESPA
Michael Tang,Tan Jin Chor,26.06.2011 26th BRANDS King's Cup,420,426,WESPA
Michael Tang,Tan Jin Chor,29.06.2012 ICT2012,366,389,WESPA
Michael Tang,Tan Jin Chor,16.12.2012 PESTA PULAU PINANG,418,428,WESPA
Michael Tang,Tan Jin Chor,01.04.2013 Australian Championship,342,365,WESPA
Michael Tang,Tan Jin Chor,05.07.2013 PENANG INTERNATIONAL,431,368,WESPA
Michael Tang,Tan Jin Chor,05.07.2013 PENANG INTERNATIONAL,328,492,WESPA
Michael Tang,Tan Jin Chor,05.07.2013 PENANG INTERNATIONAL,463,359,WESPA
Michael Tang,Tan Jin Chor,13.04.2014 ASTAR 2014,443,449,WESPA
Michael Tang,Alex Tan,07.07.2002 17th Brand's King's Cup 2002,371,300,WESPA
Michael Tang,Alex Tan,22.12.2002 1st Causeway Challenge,322,465,WESPA
Michael Tang,Alex Tan,22.12.2002 1st Causeway Challenge,431,370,WESPA
Michael Tang,Alex Tan,14.12.2003 2nd Causeway Challenge,404,374,WESPA
Michael Tang,Alex Tan,14.12.2003 2nd Causeway Challenge,346,423,WESPA
Michael Tang,Alex Tan,19.12.2004 Causeway Challenge,316,344,WESPA
Michael Tang,Alex Tan,22.06.2008 ICT Penang Open,465,360,WESPA
Michael Tang,Alex Tan,19.06.2009 Penang,374,416,WESPA
Michael Tang,Alex Tan,11.06.2010 ICT Penang Open,474,408,WESPA
Michael Tang,Alex Tan,26.06.2011 26th BRANDS King's Cup,456,447,WESPA
Michael Tang,Alex Tan,13.04.2014 ASTAR 2014,369,395,WESPA
Michael Tang,Alex Tan,13.04.2014 ASTAR 2014,233,458,WESPA
Shim Yen Nee,Nigel Richards,19.12.2004 Causeway Challenge,405,573,WESPA
Shim Yen Nee,Nigel Richards,24.08.2007 Penang,431,340,WESPA
Shim Yen Nee,Nigel Richards,29.06.2008 23rd Brands Kings Cup,328,473,WESPA
Shim Yen Nee,Nigel Richards,17.06.2011 ICT Penang Open,421,453,WESPA
Shim Yen Nee,Nigel Richards,17.06.2011 ICT Penang Open,485,521,WESPA
Shim Yen Nee,Nigel Richards,17.06.2011 ICT Penang Open,328,504,WESPA
Shim Yen Nee,Aaron Chong,14.12.2003 2nd Causeway Challenge,316,490,WESPA
Shim Yen Nee,Aaron Chong,14.12.2003 2nd Causeway Challenge,349,463,WESPA
Shim Yen Nee,Aaron Chong,19.12.2004 Causeway Challenge,406,481,WESPA
Shim Yen Nee,Aaron Chong,17.06.2011 ICT Penang Open,456,389,WESPA
Shim Yen Nee,Vannitha Balasingam,14.12.2003 2nd Causeway Challenge,347,414,WESPA
Shim Yen Nee,Vannitha Balasingam,14.12.2003 2nd Causeway Challenge,442,321,WESPA
Shim Yen Nee,Vannitha Balasingam,02.07.2006 Kings Cup,334,387,WESPA
Shim Yen Nee,Vannitha Balasingam,05.12.2010 Causeway Challenge,444,365,WESPA
Shim Yen Nee,Yeo Kian Hung,14.12.2003 2nd Causeway Challenge,438,457,WESPA
Shim Yen Nee,Yeo Kian Hung,14.12.2003 2nd Causeway Challenge,388,365,WESPA
Shim Yen Nee,Yeo Kian Hung,19.12.2004 Causeway Challenge,403,353,WESPA
Shim Yen Nee,Yeo Kian Hung,29.06.2008 23rd Brands Kings Cup,377,395,WESPA
Shim Yen Nee,Yeo Kian Hung,17.06.2011 ICT Penang Open,385,447,WESPA
Shim Yen Nee,Yeo Kian Hung,26.06.2011 26th BRANDS King's Cup,401,491,WESPA
Shim Yen Nee,Yeo Kian Hung,26.06.2011 26th BRANDS King's Cup,421,427,WESPA
Shim Yen Nee,William Kang,17.06.2011 ICT Penang Open,544,385,WESPA
Shim Yen Nee,William Kang,16.12.2012 PESTA PULAU PINANG,453,364,WESPA
Shim Yen Nee,Martin Teo,05.12.2010 Causeway Challenge,446,397,WESPA
Shim Yen Nee,Martin Teo,05.12.2010 Causeway Challenge,595,308,WESPA
Shim Yen Nee,Martin Teo,05.12.2010 Causeway Challenge,440,368,WESPA
Shim Yen Nee,Martin Teo,05.12.2010 Causeway Challenge,522,378,WESPA
Shim Yen Nee,Martin Teo,17.06.2011 ICT Penang Open,534,322,WESPA
Shim Yen Nee,Martin Teo,16.12.2012 PESTA PULAU PINANG,394,391,WESPA
Shim Yen Nee,Jocelyn Lor,14.12.2003 2nd Causeway Challenge,462,411,WESPA
Shim Yen Nee,Jocelyn Lor,14.12.2003 2nd Causeway Challenge,283,435,WESPA
Shim Yen Nee,Jocelyn Lor,19.12.2004 Causeway Challenge,411,409,WESPA
Shim Yen Nee,Jocelyn Lor,24.08.2007 Penang,393,450,WESPA
Shim Yen Nee,Jocelyn Lor,24.08.2007 Penang,353,388,WESPA
Shim Yen Nee,Jocelyn Lor,30.11.2007 Causeway Challenge Open,471,394,WESPA
Shim Yen Nee,Jocelyn Lor,29.06.2008 23rd Brands Kings Cup,384,346,WESPA
Shim Yen Nee,Jocelyn Lor,29.06.2008 23rd Brands Kings Cup,410,382,WESPA
Shim Yen Nee,Jocelyn Lor,28.06.2009 Kings Cup,396,434,WESPA
Shim Yen Nee,Jocelyn Lor,16.12.2012 PESTA PULAU PINANG,401,411,WESPA
Shim Yen Nee,Jocelyn Lor,16.12.2012 PESTA PULAU PINANG,370,385,WESPA
Shim Yen Nee,Jocelyn Lor,16.12.2012 PESTA PULAU PINANG,398,422,WESPA
Shim Yen Nee,Tan Jin Chor,19.12.2004 Causeway Challenge,389,526,WESPA
Shim Yen Nee,Tan Jin Chor,10.12.2006 5th Causeway Challenge,462,285,WESPA
Shim Yen Nee,Tan Jin Chor,10.12.2006 5th Causeway Challenge,361,478,WESPA
Shim Yen Nee,Tan Jin Chor,24.08.2007 Penang,589,338,WESPA
Shim Yen Nee,Tan Jin Chor,28.06.2009 Kings Cup,460,438,WESPA
Shim Yen Nee,Tan Jin Chor,04.12.2009 CAUSEWAY OPEN,336,437,WESPA
Shim Yen Nee,Tan Jin Chor,26.06.2011 26th BRANDS King's Cup,410,362,WESPA
Shim Yen Nee,Alex Tan,14.12.2003 2nd Causeway Challenge,347,579,WESPA
Shim Yen Nee,Alex Tan,14.12.2003 2nd Causeway Challenge,330,419,WESPA
Shim Yen Nee,Alex Tan,19.12.2004 Causeway Challenge,411,344,WESPA
Shim Yen Nee,Alex Tan,30.11.2007 Causeway Challenge Open,399,375,WESPA
Shim Yen Nee,Alex Tan,29.06.2008 23rd Brands Kings Cup,315,400,WESPA
Shim Yen Nee,Alex Tan,05.12.2010 Causeway Challenge,335,455,WESPA
Shim Yen Nee,Alex Tan,17.06.2011 ICT Penang Open,499,286,WESPA
