"bingo","score","player","round","division","phoney","length","probability","playability"
"AERATED",82,"Jeremy Khoo",1,1,FALSE,7,1022,420
"TENSESt",72,"Jeremy Khoo",1,1,FALSE,7,17973,12165
"POISING",79,"Leon Tan",1,1,FALSE,7,14971,15219
"ANISOLE",65,"Yong Jian Rong",1,1,FALSE,7,51,21
"BIRDIES",70,"Yong Jian Rong",1,1,FALSE,7,7929,12276
"SPUTTERS",83,"Yong Jian Rong",1,1,FALSE,8,29891,26659
"SEMINARY",88,"Shim Yen Nee",1,1,FALSE,8,4292,4035
"OUTFACED",100,"Lim Li Wei",1,1,FALSE,8,8556,3496
"OUTEATEN",59,"Lim Li Wei",1,1,FALSE,8,917,90
"EPISTLED",88,"Lim Li Wei",1,1,FALSE,8,6834,4953
"GYMNASIA",80,"Lee Guan Hui",1,1,FALSE,8,23590,25618
"REGALIST",80,"Lee Guan Hui",1,1,FALSE,8,581,3141
"BUDDIES",108,"Gabriel Cheang",1,1,FALSE,7,20796,24454
"BEASTIES",68,"Gabriel Cheang",1,1,FALSE,8,8431,7282
"PROTRUDE",62,"Gabriel Cheang",1,1,FALSE,8,12080,13941
"OUTLETS",65,"Lee Cheong Cheng",1,1,FALSE,7,7771,4684
"TORSIVE",79,"Lee Cheong Cheng",1,1,FALSE,7,1298,557
"PARALYZE",82,"Hubert Wee",1,1,FALSE,8,29241,29736
"INTEGRIN",80,"Hubert Wee",1,1,FALSE,8,4844,894
"REVEALED",72,"Hubert Wee",1,1,FALSE,8,9901,13485
"SCOOTER",72,"Hubert Wee",1,1,FALSE,7,6814,4711
"INVITERS",86,"Hubert Wee",1,1,FALSE,8,3416,1896
"LENITION",68,"Tay Jing En",1,1,FALSE,8,1888,499
"REGULARS",58,"Tay Jing En",1,1,FALSE,8,11234,8528
"ELEVATES",83,"Tay Jing En",1,1,FALSE,8,9909,5020
"IODATION",63,"Cheah Siu Hean",1,1,FALSE,8,1865,417
"TRAIPSE",95,"Cheah Siu Hean",1,1,FALSE,7,917,4960
"OPUNTIA",68,"Michael Tang",1,1,FALSE,7,2162,1978
"POUTHER",112,"Michael Tang",1,1,FALSE,7,10640,15041
"IOLITES",77,"Tony Sim",1,1,FALSE,7,938,297
"AIRfARE",68,"Andy Kurnia",1,1,FALSE,7,5829,3140
"SALUTER",75,"Andy Kurnia",1,1,FALSE,7,1482,1769
"DaNCIEST",83,"Andy Kurnia",1,1,FALSE,8,1253,2996
"ABOITEAU",74,"J Jeyaseelan",1,1,FALSE,8,872,74
"NEURONAL",66,"Marlon Prudencio",2,1,FALSE,8,1434,817
"DISEASED",70,"Marlon Prudencio",2,1,FALSE,8,16756,15756
"INTENDED",62,"Marlon Prudencio",2,1,FALSE,8,12014,15000
"QUERIES",94,"Cheah Siu Hean",2,1,FALSE,7,9567,7385
"TERTIAN",66,"Tay Jing En",2,1,FALSE,7,249,1758
"MOODIEST",76,"Tay Jing En",2,1,FALSE,8,5027,16366
"MERINOS",83,"Tay Jing En",2,1,FALSE,7,1268,3242
"TWINNED",65,"Tay Jing En",2,1,FALSE,7,8543,2889
"DEVOTES",86,"Jeremy Khoo",2,1,FALSE,7,6283,4265
"VAUNTER",82,"Jeremy Khoo",2,1,FALSE,7,2087,2648
"OATLIKE",72,"Gabriel Cheang",2,1,FALSE,7,1403,1201
"SALTING",74,"Leon Tan",2,1,FALSE,7,3818,14869
"NOTAIRE",61,"Leon Tan",2,1,FALSE,7,1,41
"STUNTING",68,"Yong Jian Rong",2,1,FALSE,8,25446,27166
"STRAFING",76,"Yong Jian Rong",2,1,FALSE,8,7040,10771
"DIORITE",76,"Lee Cheong Cheng",2,1,FALSE,7,303,93
"OMITTERS",62,"Lee Guan Hui",2,1,FALSE,8,4580,8085
"SaGOUINS",77,"Lee Guan Hui",2,1,FALSE,8,11927,8932
"ENdEARS",60,"Tony Sim",2,1,FALSE,7,728,531
"SAILINGS",61,"J Jeyaseelan",2,1,FALSE,8,20848,22222
"KATORGAS",72,"J Jeyaseelan",2,1,FALSE,8,19057,15256
"RETINES",71,"J Jeyaseelan",2,1,FALSE,7,272,2651
"LLANERO",72,"J Jeyaseelan",2,1,FALSE,7,2367,2209
"CRAFTIER",78,"Shim Yen Nee",2,1,FALSE,8,8807,5096
"DENIERS",87,"Lim Li Wei",2,1,FALSE,7,754,1262
"ANTIFOg",84,"Lim Li Wei",2,1,FALSE,7,3489,2509
"SHORTIE",81,"Lim Li Wei",2,1,FALSE,7,1251,4683
"PRINCED",85,"Andy Kurnia",2,1,FALSE,7,9283,5443
"INVERTS",80,"Michael Tang",2,1,FALSE,7,2111,698
"SLATING",80,"Michael Tang",2,1,FALSE,7,3819,17780
"REMIXING",86,"Michael Tang",2,1,FALSE,8,21525,16825
"HOURLIES",68,"Michael Tang",2,1,FALSE,8,3610,8038
"ECTASIA",73,"Hubert Wee",2,1,FALSE,7,2310,598
"DIPNETS",72,"Andy Kurnia",3,1,FALSE,7,4266,3665
"FIREWOOD",80,"Tony Sim",3,1,FALSE,8,10607,11219
"SAnGRIA",68,"Tony Sim",3,1,FALSE,7,4479,8197
"SETTLES",85,"Gabriel Cheang",3,1,FALSE,7,21648,19214
"PRENTICE",74,"Gabriel Cheang",3,1,FALSE,8,5522,5014
"RETSINAS",122,"Jeremy Khoo",3,1,FALSE,8,1204,9519
"IGNITES",66,"Leon Tan",3,1,FALSE,7,2805,343
"SuLTANS",94,"Leon Tan",3,1,FALSE,7,18044,18258
"SPoONED",74,"Leon Tan",3,1,FALSE,7,10535,16823
"INVERSE",72,"J Jeyaseelan",3,1,FALSE,7,2986,6169
"CITRINE",76,"J Jeyaseelan",3,1,FALSE,7,2395,2589
"STIRRED",75,"J Jeyaseelan",3,1,FALSE,7,3736,1229
"ENJOINS",84,"Lee Cheong Cheng",3,1,FALSE,7,10483,2967
"EMIRATE",72,"Michael Tang",3,1,FALSE,7,480,6402
"STUMBLE",86,"Cheah Siu Hean",3,1,FALSE,7,21319,25012
"AGONIZE",85,"Lim Li Wei",3,1,FALSE,7,2179,1691
"LIBERATE",81,"Lim Li Wei",3,1,FALSE,8,787,726
"UNRAISED",80,"Shim Yen Nee",3,1,FALSE,8,331,2992
"URAEMIAS",61,"Marlon Prudencio",3,1,FALSE,8,3259,2300
"FLOUTING",72,"Marlon Prudencio",3,1,FALSE,8,12602,15742
"TAJINES",115,"Tay Jing En",3,1,FALSE,7,2281,2054
"INVERTED",76,"Hubert Wee",3,1,FALSE,8,2048,480
"TRANNIES",77,"Hubert Wee",3,1,FALSE,8,441,829
"BELOVING",68,"Lee Guan Hui",3,1,FALSE,8,11299,8792
"OUTSpOKE",83,"Lee Guan Hui",3,1,FALSE,8,25697,28420
NA,NA,"J Jeyaseelan",4,1,FALSE,2,NA,NA
NA,NA,"Leon Tan",4,1,FALSE,2,NA,NA
"REPRIEVE",78,"Lee Cheong Cheng",4,1,FALSE,8,22648,17753
"SETLINE",69,"Lee Cheong Cheng",4,1,FALSE,7,772,979
"CURLERS",78,"Lee Cheong Cheng",4,1,FALSE,7,20518,16782
"STORAGES",70,"Lim Li Wei",4,1,FALSE,8,5351,9768
"ROARERS",73,"Tony Sim",4,1,FALSE,7,11202,8433
"DIALOGER",70,"Tony Sim",4,1,FALSE,8,300,227
"CHABLIS",91,"Shim Yen Nee",4,1,FALSE,7,25177,25394
"TOPSIDE",76,"Shim Yen Nee",4,1,FALSE,7,2634,13097
"AEROLITES",80,"Andy Kurnia",4,1,FALSE,9,16,8
"SCENARIO",70,"Andy Kurnia",4,1,FALSE,8,246,939
"STINTEd",82,"Hubert Wee",4,1,FALSE,7,3735,3104
"REAdIER",70,"Hubert Wee",4,1,FALSE,7,1100,1513
"INAUrATE",64,"Lee Guan Hui",4,1,FALSE,8,114,21
"LAUWINES",72,"Lee Guan Hui",4,1,FALSE,8,2952,1472
"EVACUATE",78,"Lee Guan Hui",4,1,FALSE,8,13977,2528
"SITELLa",74,"Lee Guan Hui",4,1,FALSE,7,3789,4326
"SKEERING",83,"Cheah Siu Hean",4,1,FALSE,8,10495,21622
"STINGER",80,"Cheah Siu Hean",4,1,FALSE,7,1042,337
"SINOPIA",68,"Marlon Prudencio",4,1,FALSE,7,4850,1737
"SLURRIES",59,"Marlon Prudencio",4,1,FALSE,8,19372,12784
"METALIZE",92,"Marlon Prudencio",4,1,FALSE,8,9957,10140
"TRENDIFY",66,"Marlon Prudencio",4,1,FALSE,8,7484,3413
"AEOLIAN",83,"Michael Tang",4,1,FALSE,7,75,8
"ALOEtIC",73,"Jeremy Khoo",4,1,FALSE,7,400,433
"ATONIES",77,"Jeremy Khoo",4,1,FALSE,7,11,3
"TARGETED",86,"Yong Jian Rong",4,1,FALSE,8,5365,2018
"URAEMIC",71,"Yong Jian Rong",4,1,FALSE,7,5667,9551
"SPOONED",82,"Gabriel Cheang",4,1,FALSE,7,10535,16823
"TRITONIA",127,"Gabriel Cheang",4,1,FALSE,8,1420,620
"AUNTIES",70,"Tay Jing En",4,1,FALSE,7,147,72
"SCARLET",91,"Tay Jing En",4,1,FALSE,7,4052,1730
"NARCOSE",77,"Tay Jing En",4,1,FALSE,7,1134,7109
"INDIGENE",88,"Marlon Prudencio",5,1,FALSE,8,9659,1646
"DINGERS",79,"Marlon Prudencio",5,1,FALSE,7,2254,2067
"RILLETS",74,"Marlon Prudencio",5,1,FALSE,7,7086,13162
"TROOLIE",66,"Lee Guan Hui",5,1,FALSE,7,461,384
"DESTINE",71,"Lee Guan Hui",5,1,FALSE,7,758,802
"bAUXITES",176,"Andy Kurnia",5,1,FALSE,8,12751,11978
"REPEALEd",61,"Andy Kurnia",5,1,FALSE,8,9899,8514
"PLASTRON",72,"Cheah Siu Hean",5,1,FALSE,8,6007,6699
"SIGNORES",77,"Tay Jing En",5,1,FALSE,8,5354,5612
"STRAKING",80,"Tay Jing En",5,1,TRUE,8,NA,NA
"LACTOSE",75,"Tay Jing En",5,1,FALSE,7,2515,9530
"INSOULED",68,"Michael Tang",5,1,FALSE,8,1099,8293
"SACCULAR",77,"Hubert Wee",5,1,FALSE,8,35762,38881
"FILTHIER",78,"Hubert Wee",5,1,FALSE,8,12538,9067
"RADOMES",74,"Shim Yen Nee",5,1,FALSE,7,2541,4224
"DINEROS",72,"Shim Yen Nee",5,1,FALSE,7,204,2661
"SLOWEST",81,"Leon Tan",5,1,FALSE,7,18281,23624
"DEROGATE",77,"Tony Sim",5,1,FALSE,8,430,133
"NITERIES",131,"Tony Sim",5,1,FALSE,8,557,219
"AGONIST",79,"Tony Sim",5,1,FALSE,7,1075,1685
"RUBELLAS",62,"Tony Sim",5,1,FALSE,8,20317,27631
"TAWDRIER",81,"Lee Cheong Cheng",5,1,FALSE,8,3705,1746
"EASTERN",63,"Lee Cheong Cheng",5,1,FALSE,7,266,259
"EMIRATES",86,"Lee Cheong Cheng",5,1,FALSE,8,835,11912
"LIMEADE",76,"Yong Jian Rong",5,1,FALSE,7,2765,6628
"TITRANT",79,"Yong Jian Rong",5,1,FALSE,7,12914,8370
"DIETERS",74,"J Jeyaseelan",5,1,FALSE,7,763,3346
"RUSSIAs",74,"Cheah Siu Hean",6,1,FALSE,7,27189,28288
"ENSILES",76,"Shim Yen Nee",6,1,FALSE,7,8296,19867
"SAVOURER",74,"Hubert Wee",6,1,FALSE,8,7733,11121
"DISCRETE",84,"Lee Cheong Cheng",6,1,FALSE,8,3949,5899
"SHORTIAS",72,"Marlon Prudencio",6,1,FALSE,8,11262,16121
"ELONGATE",72,"Marlon Prudencio",6,1,FALSE,8,431,39
"SLUEInG",78,"Marlon Prudencio",6,1,FALSE,7,4537,6542
"ABRiDGES",94,"Andy Kurnia",6,1,FALSE,8,4602,8125
"ENDARTS",73,"Andy Kurnia",6,1,FALSE,7,539,352
"PALLETs",67,"Jeremy Khoo",6,1,FALSE,7,16891,13818
"FANTEEgS",83,"Lim Li Wei",6,1,FALSE,8,5905,2035
"TWOONIE",67,"Tony Sim",6,1,FALSE,7,1739,317
"OTTAVINO",83,"Tony Sim",6,1,FALSE,8,9016,3625
"KNEELERS",86,"Tony Sim",6,1,FALSE,8,19877,19488
"ENTAILS",85,"Leon Tan",6,1,FALSE,7,132,593
"ENTASIA",73,"Tay Jing En",6,1,FALSE,7,159,126
"TSARINA",69,"Tay Jing En",6,1,FALSE,7,1504,756
"REASTIER",87,"Yong Jian Rong",6,1,FALSE,8,649,2130
"BETRAYED",69,"Michael Tang",6,1,FALSE,8,9044,9786
"ENDURERS",86,"Michael Tang",6,1,FALSE,8,10307,8480
"GAWSIER",65,"Michael Tang",6,1,FALSE,7,3341,3320
"CANIEST",89,"Lee Guan Hui",6,1,FALSE,7,805,3248
"SNOWILY",95,"J Jeyaseelan",6,1,FALSE,7,17712,15487
"RELENTED",68,"J Jeyaseelan",6,1,FALSE,8,4683,1414
"SALICET",70,"Gabriel Cheang",6,1,FALSE,7,1919,7554
"RIGATONI",70,"Gabriel Cheang",6,1,FALSE,8,854,189
"RABATTED",67,"Hubert Wee",7,1,FALSE,8,11384,7830
"VISITORS",62,"Leon Tan",7,1,FALSE,8,21539,17767
"MASTERS",73,"Leon Tan",7,1,FALSE,7,12790,19146
"FOOTMEN",79,"Marlon Prudencio",7,1,FALSE,7,12470,10128
"RADIANS",73,"Shim Yen Nee",7,1,FALSE,7,3084,2478
"RECuILES",145,"Cheah Siu Hean",7,1,FALSE,8,6821,10693
"PRIVATE",93,"Cheah Siu Hean",7,1,FALSE,7,3147,2939
"gRANULE",70,"Lee Cheong Cheng",7,1,FALSE,7,2241,2270
"DUNGIER",94,"Yong Jian Rong",7,1,FALSE,7,2256,2619
"CALOTTE",68,"Yong Jian Rong",7,1,FALSE,7,6001,6176
"RESALUTE",64,"J Jeyaseelan",7,1,FALSE,8,1186,1351
"TOLLGATE",68,"J Jeyaseelan",7,1,FALSE,8,14465,9069
"RIBSTONE",86,"Tony Sim",7,1,FALSE,8,738,1356
"CINEAST",80,"Tony Sim",7,1,FALSE,7,806,3275
"PRILLED",92,"Tony Sim",7,1,FALSE,7,16983,19775
"TAINTED",70,"Jeremy Khoo",7,1,FALSE,7,683,347
"TARGETS",75,"Jeremy Khoo",7,1,FALSE,7,5785,1918
"SPINULAE",88,"Lim Li Wei",7,1,FALSE,8,2950,6994
"METALED",86,"Lim Li Wei",7,1,FALSE,7,5305,14021
"ORGANISE",74,"Gabriel Cheang",7,1,FALSE,8,78,2193
"LEADWORT",89,"Gabriel Cheang",7,1,FALSE,8,1703,1479
"SAPIENT",79,"Michael Tang",7,1,FALSE,7,895,4469
"RETSINAS",81,"Andy Kurnia",7,1,FALSE,8,1204,9519
"TOOTHIER",101,"Andy Kurnia",7,1,FALSE,8,6118,4302
"DETAILS",87,"Tay Jing En",7,1,FALSE,7,532,1149
"STEADIER",66,"Tay Jing En",7,1,FALSE,8,151,1635
"STOOLIES",75,"Lee Guan Hui",7,1,FALSE,8,8098,12233
"TRITONIA",68,"Lee Guan Hui",7,1,FALSE,8,1420,620
"SHAGGIER",76,"Gabriel Cheang",8,1,FALSE,8,17730,24015
"ROILIEST",70,"Gabriel Cheang",8,1,FALSE,8,498,496
"SOAPIER",77,"Tony Sim",8,1,FALSE,7,429,154
"LINTIER",73,"Tony Sim",8,1,FALSE,7,634,517
"REAVING",95,"Tay Jing En",8,1,FALSE,7,1583,5871
"RAIMENTS",89,"Tay Jing En",8,1,FALSE,8,534,4600
"SOLANDS",79,"Tay Jing En",8,1,FALSE,7,15175,21646
"CURLING",77,"J Jeyaseelan",8,1,FALSE,7,17110,19685
"DANEWORT",94,"J Jeyaseelan",8,1,FALSE,8,721,1054
"SHRUNKEN",70,"Hubert Wee",8,1,FALSE,8,31293,32984
"UNREINED",64,"Hubert Wee",8,1,FALSE,8,3447,3224
"DINNERS",67,"Hubert Wee",8,1,FALSE,7,3724,1888
"FILENAME",67,"Jeremy Khoo",8,1,FALSE,8,5454,5684
"EXPIRED",96,"Michael Tang",8,1,FALSE,7,15750,8211
"REUNITE",68,"Michael Tang",8,1,FALSE,7,277,2877
"FRISTING",77,"Shim Yen Nee",8,1,FALSE,8,16681,12373
"ASSOILED",59,"Shim Yen Nee",8,1,FALSE,8,3222,13967
"URINOSE",66,"Andy Kurnia",8,1,FALSE,7,234,90
"SNORING",76,"Andy Kurnia",8,1,FALSE,7,9516,12409
"HoARDeRS",93,"Andy Kurnia",8,1,FALSE,8,7716,8520
"TESTIER",75,"Marlon Prudencio",8,1,FALSE,7,2488,329
"LAIRISED",62,"Lee Cheong Cheng",8,1,FALSE,8,993,463
"EMEROID",89,"Lee Cheong Cheng",8,1,FALSE,7,1610,1106
"GOURDIER",83,"Cheah Siu Hean",8,1,FALSE,8,4954,2927
"STRINGED",64,"Cheah Siu Hean",8,1,FALSE,8,1470,477
"INSOfAR",85,"Leon Tan",8,1,FALSE,7,2145,1724
"COUPLET",72,"Leon Tan",8,1,FALSE,7,14679,22548
"NAILSETS",70,"Leon Tan",8,1,FALSE,8,2785,10335
"ETHANOIC",86,"Lim Li Wei",8,1,FALSE,8,1113,1956
"MATURING",86,"Lim Li Wei",8,1,FALSE,8,7046,6778
"OUTEDGES",63,"Yong Jian Rong",8,1,FALSE,8,5060,2723
"RANCOURS",66,"Yong Jian Rong",8,1,FALSE,8,15359,9089
"GAUzIER",73,"Marlon Prudencio",9,1,FALSE,7,6794,6767
"UNTHREAD",63,"Marlon Prudencio",9,1,FALSE,8,3015,4387
"STERILE",75,"Leon Tan",9,1,FALSE,7,776,171
"MEANEST",63,"Leon Tan",9,1,FALSE,7,2893,4646
"PROUDEST",89,"Gabriel Cheang",9,1,FALSE,8,6667,20662
"NOTAIRE",75,"Hubert Wee",9,1,FALSE,7,1,41
"STANHOPE",94,"Hubert Wee",9,1,FALSE,8,5185,14432
"ORDINAR",75,"Andy Kurnia",9,1,FALSE,7,1807,1461
"TAINTURE",77,"Andy Kurnia",9,1,FALSE,8,453,172
"MEATIER",76,"Tay Jing En",9,1,FALSE,7,481,1448
"TANGLED",74,"Tay Jing En",9,1,FALSE,7,2226,1695
"EASIEST",70,"Tay Jing En",9,1,FALSE,7,2683,808
"FUNNeST",90,"Jeremy Khoo",9,1,FALSE,7,16588,11759
"PRONATES",90,"Jeremy Khoo",9,1,FALSE,8,733,9239
"SOLIDATE",83,"Cheah Siu Hean",9,1,FALSE,8,126,2623
"MORGUEs",70,"Cheah Siu Hean",9,1,FALSE,7,11199,12537
"AMNIOTE",76,"Michael Tang",9,1,FALSE,7,96,162
"TURTLES",76,"Lee Cheong Cheng",9,1,FALSE,7,10734,4268
"RETAILS",72,"Yong Jian Rong",9,1,FALSE,7,141,1811
"IODIZERS",70,"Tony Sim",9,1,FALSE,8,7998,2396
"SPINAGE",73,"Tony Sim",9,1,FALSE,7,3331,9175
"UREDINIA",61,"Lim Li Wei",9,1,FALSE,8,382,67
"AEROSAT",60,"J Jeyaseelan",9,1,FALSE,7,300,47
"INSTATE",68,"J Jeyaseelan",9,1,FALSE,7,701,418
"QUICKEST",98,"J Jeyaseelan",9,1,FALSE,8,32876,35307
"INVALID",78,"Shim Yen Nee",9,1,FALSE,7,11133,3313
"STHENIAS",82,"Shim Yen Nee",9,1,FALSE,8,6968,19779
"ENSEAMS",93,"Shim Yen Nee",9,1,FALSE,7,14535,13589
"fOGGIER",69,"Lee Guan Hui",9,1,FALSE,7,15670,14411
"rEAVOWED",80,"Lee Guan Hui",9,1,FALSE,8,6164,1168
"AVERTING",72,"Jeremy Khoo",10,1,FALSE,8,985,1604
"RAnSOMED",90,"Jeremy Khoo",10,1,FALSE,8,1705,14688
"SEAWOmEN",83,"Marlon Prudencio",10,1,FALSE,8,6169,6073
"SPIRITED",98,"Marlon Prudencio",10,1,FALSE,8,6334,12992
"STRIATA",79,"Marlon Prudencio",10,1,FALSE,7,6757,2196
"OXALATES",98,"Andy Kurnia",10,1,FALSE,8,7994,7420
"BEWAiLED",67,"Andy Kurnia",10,1,FALSE,8,8947,7002
"EGOTISES",60,"Andy Kurnia",10,1,FALSE,8,6414,7318
"REALIzE",72,"Shim Yen Nee",10,1,FALSE,7,3165,1831
"DENARII",72,"Shim Yen Nee",10,1,FALSE,7,164,51
"YEARLIES",65,"J Jeyaseelan",10,1,FALSE,8,1965,544
"CINEREAS",71,"J Jeyaseelan",10,1,FALSE,8,793,1672
"BILLONS",69,"J Jeyaseelan",10,1,FALSE,7,21103,16899
"MISPRIZE",127,"Michael Tang",10,1,FALSE,8,29259,31483
"RETAPING",75,"Michael Tang",10,1,FALSE,8,983,1851
"DOTTING",71,"Leon Tan",10,1,FALSE,7,9513,3645
"SCRIEVE",89,"Yong Jian Rong",10,1,FALSE,7,10943,11846
"TEARIER",68,"Yong Jian Rong",10,1,FALSE,7,435,135
"BANDAGES",149,"Yong Jian Rong",10,1,FALSE,8,13033,13194
"IRONMAN",78,"Hubert Wee",10,1,FALSE,7,5482,4441
"REORDAIN",72,"Lim Li Wei",10,1,FALSE,8,170,257
"PALMIET",82,"Lim Li Wei",10,1,FALSE,7,5740,16136
"TEETOTAL",74,"Tay Jing En",10,1,FALSE,8,10566,4014
"DIAMINE",79,"Lee Cheong Cheng",10,1,FALSE,7,2327,5111
"HEISTERS",91,"Cheah Siu Hean",10,1,FALSE,8,12875,9635
"URALITE",68,"Cheah Siu Hean",10,1,FALSE,7,146,123
"GALENITE",61,"Cheah Siu Hean",10,1,FALSE,8,343,1244
"BEADINGS",92,"Gabriel Cheang",10,1,FALSE,8,4600,9100
"PROTEGE",67,"J Jeyaseelan",11,1,FALSE,7,5221,3331
"SAUNTED",84,"J Jeyaseelan",11,1,FALSE,7,1476,2738
"RESILINS",73,"J Jeyaseelan",11,1,FALSE,8,9893,3466
"FELLATED",77,"J Jeyaseelan",11,1,FALSE,8,17470,15594
"ATTORNEY",68,"Hubert Wee",11,1,FALSE,8,2273,1343
"MOTLIER",90,"Hubert Wee",11,1,FALSE,7,1256,2307
"SDEIGNS",70,"Michael Tang",11,1,FALSE,7,13482,19096
"GRECIAN",78,"Michael Tang",11,1,FALSE,7,1564,3367
"RESTAGE",74,"Jeremy Khoo",11,1,FALSE,7,1534,2207
"NECTARY",74,"Shim Yen Nee",11,1,FALSE,7,5854,13311
"OUTCRIES",74,"Shim Yen Nee",11,1,FALSE,8,1792,6918
"LEAVIER",104,"Shim Yen Nee",11,1,FALSE,7,1361,2672
"MARAUDS",83,"Lim Li Wei",11,1,FALSE,7,19223,15154
"UNNERVES",72,"Lim Li Wei",11,1,FALSE,8,17065,9830
"VERIFIED",86,"Lim Li Wei",11,1,FALSE,8,13990,7696
"ALLURED",62,"Lee Cheong Cheng",11,1,FALSE,7,11019,12979
"ATONIES",68,"Lee Cheong Cheng",11,1,FALSE,7,11,3
"HARDING",88,"Andy Kurnia",11,1,TRUE,7,NA,NA
"LATHERS",72,"Gabriel Cheang",11,1,FALSE,7,4132,21723
"NITRIDS",70,"Gabriel Cheang",11,1,FALSE,7,5818,796
"SPURRERS",91,"Gabriel Cheang",11,1,FALSE,8,37829,35205
"JAGGIEST",84,"Marlon Prudencio",11,1,FALSE,8,23639,15998
"tHRONED",79,"Lee Guan Hui",11,1,FALSE,7,2706,10523
"SPRINTED",78,"Lee Guan Hui",11,1,FALSE,8,3047,1109
"RETURNIK",72,"Lee Guan Hui",11,1,FALSE,8,11819,4977
"OUTSAIL",65,"Leon Tan",11,1,FALSE,7,1511,775
"RESIANT",83,"Leon Tan",11,1,FALSE,7,32,1432
"EROTEMA",68,"Yong Jian Rong",11,1,FALSE,7,603,306
"OVERTAX",130,"Yong Jian Rong",11,1,FALSE,7,7468,2691
"DENTINS",89,"Yong Jian Rong",11,1,FALSE,7,3728,2306
"WEIRDEST",76,"Cheah Siu Hean",11,1,FALSE,8,3995,3968
"OBLIGATE",77,"Cheah Siu Hean",11,1,FALSE,8,1210,1185
"TITTERS",73,"Lee Cheong Cheng",12,1,FALSE,7,13893,16327
"CROONED",73,"Lee Cheong Cheng",12,1,FALSE,7,6810,8328
"REUNITED",64,"Shim Yen Nee",12,1,FALSE,8,474,1747
"ANSATED",74,"Marlon Prudencio",12,1,FALSE,7,1636,355
"STEELIE",77,"Marlon Prudencio",12,1,FALSE,7,3428,1033
"DESIRED",81,"Michael Tang",12,1,FALSE,7,8283,18627
"LIGURES",70,"Michael Tang",12,1,FALSE,7,4539,13333
"KNOTTERS",63,"Gabriel Cheang",12,1,FALSE,8,13207,10766
"VENISON",77,"Gabriel Cheang",12,1,FALSE,7,6068,4043
"bARIUMS",72,"Cheah Siu Hean",12,1,FALSE,7,16241,15554
"IRONERS",70,"Cheah Siu Hean",12,1,FALSE,7,1008,363
"CUNEaTE",66,"J Jeyaseelan",12,1,FALSE,7,2836,1644
"REVISALS",74,"J Jeyaseelan",12,1,FALSE,8,11063,11509
"ATHEISTS",67,"Tay Jing En",12,1,FALSE,8,17116,21432
"InDITER",74,"Leon Tan",12,1,FALSE,7,632,481
"bENDIER",78,"Leon Tan",12,1,FALSE,7,2908,6222
"GREASIER",80,"Andy Kurnia",12,1,FALSE,8,2697,1507
"WRITINGS",80,"Hubert Wee",12,1,FALSE,8,16691,10815
"DISSEAT",94,"Hubert Wee",12,1,FALSE,7,3782,5081
"EVERSION",63,"Hubert Wee",12,1,FALSE,8,1060,540
"SEALANT",68,"Hubert Wee",12,1,FALSE,7,1639,425
"NATURAL",66,"Hubert Wee",12,1,FALSE,7,5817,4163
"ORDINEE",75,"Lim Li Wei",12,1,FALSE,7,86,49
"STUNNeRS",57,"Jeremy Khoo",12,1,FALSE,8,19573,8732
"CAPTIVES",98,"Jeremy Khoo",12,1,FALSE,8,13929,12912
"DESOLATE",80,"Lee Guan Hui",12,1,FALSE,8,609,472
"ReCOALED",77,"Lee Guan Hui",12,1,FALSE,8,2395,3128
"WINIEST",80,"Yong Jian Rong",13,1,FALSE,7,4783,3481
"AVERTED",88,"Yong Jian Rong",13,1,FALSE,7,2862,3763
"RETAINED",74,"Yong Jian Rong",13,1,FALSE,8,37,71
"ENTREAT",69,"Shim Yen Nee",13,1,FALSE,7,1308,2419
"WAILSOME",82,"Shim Yen Nee",13,1,FALSE,8,4992,4017
"WILTERS",80,"Leon Tan",13,1,TRUE,7,NA,NA
"MILDENED",64,"Cheah Siu Hean",13,1,FALSE,8,17542,11474
"BERGAMOT",90,"Cheah Siu Hean",13,1,FALSE,8,7150,7259
"PENALISE",83,"Cheah Siu Hean",13,1,FALSE,8,1958,7475
"COTTISED",76,"Lim Li Wei",13,1,FALSE,8,7742,6616
"RECOUNTS",61,"Lim Li Wei",13,1,FALSE,8,3751,10369
"DEISEAL",85,"Gabriel Cheang",13,1,FALSE,7,716,571
"SALUTOR",68,"Gabriel Cheang",13,1,TRUE,7,NA,NA
"SKEWERS",70,"Lee Guan Hui",13,1,FALSE,7,28966,30199
"LEGATORS",60,"Lee Guan Hui",13,1,FALSE,8,860,3226
"REFUTES",69,"Lee Cheong Cheng",13,1,FALSE,7,8816,17152
"STRIATE",87,"Lee Cheong Cheng",13,1,FALSE,7,712,2443
"VITAMIN",78,"Lee Cheong Cheng",13,1,FALSE,7,12942,4304
"DEARNESS",80,"Tay Jing En",13,1,FALSE,8,6532,9539
"AEGIRITE",68,"Jeremy Khoo",13,1,FALSE,8,395,28
"ERUPTED",91,"Jeremy Khoo",13,1,FALSE,7,8800,14242
"MAZINESS",115,"Andy Kurnia",13,1,FALSE,8,24056,32182
"REVIEWED",78,"Andy Kurnia",13,1,FALSE,8,16579,10825
"VAINEST",72,"Hubert Wee",13,1,FALSE,7,904,3074
"INFORCED",78,"Hubert Wee",13,1,FALSE,8,5215,4505
"UNMOORED",62,"Hubert Wee",13,1,FALSE,8,8767,10192
"TRYSAIL",87,"Hubert Wee",13,1,FALSE,7,6492,6490
"TAENIAS",65,"Tony Sim",13,1,FALSE,7,160,61
"LINGUINE",75,"Tony Sim",13,1,FALSE,8,12116,5719
"TELERAN",69,"Tony Sim",13,1,FALSE,7,264,954
"ALEXINS",84,"Marlon Prudencio",13,1,FALSE,7,4622,5660
"STEARED",70,"Marlon Prudencio",13,1,FALSE,7,738,9362
"GENTLES",75,"J Jeyaseelan",13,1,FALSE,7,5941,4731
"TENDRES",63,"J Jeyaseelan",13,1,FALSE,7,1852,3397
"hAYIEST",66,"Hubert Wee",15,1,FALSE,7,5732,6262
"REFOOTED",62,"Hubert Wee",15,1,FALSE,8,6367,10098
"ARSeHOLE",90,"Hubert Wee",15,1,FALSE,8,2410,5541
"TUTTIES",73,"Cheah Siu Hean",15,1,FALSE,7,17995,17371
"HOARIEST",74,"Tony Sim",14,1,FALSE,8,262,508
"LEADIEST",74,"Tony Sim",14,1,FALSE,8,458,1029
"DENTOID",72,"Cheah Siu Hean",14,1,FALSE,7,2375,2578
"AGENESIA",86,"Cheah Siu Hean",14,1,FALSE,8,1069,174
"GAUCIESt",88,"Gabriel Cheang",14,1,FALSE,8,4614,4697
"ECOTAGEs",75,"Gabriel Cheang",14,1,FALSE,8,3647,1582
"UNELATED",72,"Gabriel Cheang",14,1,FALSE,8,1178,1049
"INTITULE",64,"Andy Kurnia",14,1,FALSE,8,5836,1659
"OWRELAY",63,"J Jeyaseelan",14,1,FALSE,7,6609,4855
"REVERSO",70,"J Jeyaseelan",14,1,FALSE,7,11315,9291
"IMPAIRED",102,"J Jeyaseelan",14,1,FALSE,8,8064,10074
"TROOLIES",66,"J Jeyaseelan",14,1,FALSE,8,767,1706
"SENOPIA",73,"Michael Tang",14,1,FALSE,7,427,985
"HOISTED",102,"Lim Li Wei",14,1,FALSE,7,2610,3657
"TRENISE",72,"Lim Li Wei",14,1,FALSE,7,273,102
"WASTAGE",95,"Lim Li Wei",14,1,FALSE,7,10705,9250
"IRENICAL",83,"Lim Li Wei",14,1,FALSE,8,1547,243
"SATURATE",68,"Marlon Prudencio",14,1,FALSE,8,5828,9208
"REFORGE",78,"Marlon Prudencio",14,1,FALSE,7,13871,11674
"GaYNESS",83,"Shim Yen Nee",14,1,FALSE,7,19682,27071
"OUTSHONE",74,"Shim Yen Nee",14,1,FALSE,8,8777,8012
"EROTICA",73,"Shim Yen Nee",14,1,FALSE,7,93,53
"DIPTEROI",70,"Lee Guan Hui",14,1,FALSE,8,2132,1492
"CAROTINs",86,"Lee Guan Hui",14,1,FALSE,8,1391,9913
"RETINOLS",59,"Yong Jian Rong",14,1,FALSE,8,132,164
"DUALISES",74,"Hubert Wee",14,1,FALSE,8,8972,19174
"DETRAIN",75,"Hubert Wee",14,1,FALSE,7,20,163
"IRONIZE",89,"Hubert Wee",14,1,FALSE,7,3407,4349
"ORATORS",69,"Tay Jing En",14,1,FALSE,7,8948,5165
"AlLURES",73,"Leon Tan",14,1,FALSE,7,11030,12824
"ADENINE",67,"Leon Tan",14,1,FALSE,7,1099,364
"STAMPInG",72,"Leon Tan",14,1,FALSE,8,18337,24059
"TARWEEDS",68,"Leon Tan",14,1,FALSE,8,3900,13588
"GEORGIC",83,"Marlon Prudencio",15,1,FALSE,7,15669,11981
"NAILsET",81,"Lee Guan Hui",15,1,FALSE,7,133,1091
"AGENIsE",79,"Lee Guan Hui",15,1,FALSE,7,571,150
"INQiLAB",82,"Leon Tan",15,1,FALSE,7,21839,2329
"STERNEST",59,"Leon Tan",15,1,FALSE,8,16666,11435
"DURATeS",84,"Tay Jing En",15,1,TRUE,7,NA,NA
"RETILES",67,"Shim Yen Nee",15,1,FALSE,7,775,500
"MISREAD",79,"Shim Yen Nee",15,1,FALSE,7,1953,8829
"VAINEST",89,"Shim Yen Nee",15,1,FALSE,7,904,3074
"GEEZERS",76,"Jeremy Khoo",15,1,FALSE,7,22746,12834
"GUITARS",69,"Jeremy Khoo",15,1,FALSE,7,3823,1997
"UNTOWArD",86,"Jeremy Khoo",15,1,FALSE,8,6004,7015
"FAuCETS",89,"Jeremy Khoo",15,1,FALSE,7,13063,9209
"LARIATED",79,"Lee Cheong Cheng",15,1,FALSE,8,375,154
"BROILING",76,"Lee Cheong Cheng",15,1,FALSE,8,13432,11065
"WATeRED",85,"Andy Kurnia",15,1,FALSE,7,2866,8249
"DARKeNS",79,"Andy Kurnia",15,1,FALSE,7,8004,10129
"FRACTURE",80,"Andy Kurnia",15,1,FALSE,8,17835,15273
"PROFITED",80,"Lim Li Wei",15,1,FALSE,8,5262,7785
"NETTLES",73,"Lim Li Wei",15,1,FALSE,7,8169,7137
"SINUATE",81,"Michael Tang",15,1,FALSE,7,148,143
"BEARDING",80,"Michael Tang",15,1,FALSE,8,2284,7595
"ANGINAs",61,"Andy Kurnia",16,1,FALSE,7,12853,13662
"STEvENS",68,"Andy Kurnia",16,1,FALSE,7,18728,15463
"SNIVELS",64,"Marlon Prudencio",16,1,FALSE,7,17036,16381
"EMICTORY",84,"Marlon Prudencio",16,1,FALSE,8,10900,10622
"REBORING",95,"Marlon Prudencio",16,1,FALSE,8,6506,3509
"BLOATERS",83,"Lim Li Wei",16,1,FALSE,8,1671,7904
"RUNLETS",77,"Michael Tang",16,1,FALSE,7,3171,665
"REGRATED",86,"Hubert Wee",16,1,FALSE,8,5364,6180
"RADIANT",74,"Tay Jing En",16,1,FALSE,7,1501,3895
"TRAVOIS",66,"Gabriel Cheang",16,1,FALSE,7,2168,6024
"ENATION",67,"Gabriel Cheang",16,1,FALSE,7,77,63
"INDORSED",83,"J Jeyaseelan",16,1,FALSE,8,3345,4026
"LITIGATE",68,"Lee Guan Hui",16,1,FALSE,8,4679,1125
"ERASION",69,"Lee Guan Hui",16,1,FALSE,7,10,4
"BETAINES",90,"Shim Yen Nee",16,1,FALSE,8,788,861
"DANGERS",84,"Shim Yen Nee",16,1,FALSE,7,2227,5621
"RENEWALS",86,"Shim Yen Nee",16,1,FALSE,8,3916,1598
"GENISTA",82,"Tony Sim",16,1,FALSE,7,349,5065
"CRACKLE",85,"Tony Sim",16,1,FALSE,7,29886,32327
"SERRING",98,"Tony Sim",16,1,FALSE,7,5805,4069
"FORTIES",69,"Tony Sim",16,1,FALSE,7,1241,3203
"OUTLEAD",77,"Cheah Siu Hean",16,1,FALSE,7,645,612
"AIERIES",77,"Cheah Siu Hean",16,1,FALSE,7,315,10
"LOAMIER",67,"Lee Cheong Cheng",16,1,FALSE,7,415,1044
"NITROUS",66,"Lee Cheong Cheng",16,1,FALSE,7,1555,1939
"ENTAILER",78,"Leon Tan",16,1,FALSE,8,39,58
"FROSTING",64,"Leon Tan",16,1,FALSE,8,8351,7390
"NETBALL",70,"Tony Sim",17,1,FALSE,7,12756,14528
"REBATES",80,"Tony Sim",17,1,FALSE,7,2817,10808
"CAPTION",78,"Hubert Wee",17,1,FALSE,7,5893,17026
"NEAREST",86,"Hubert Wee",17,1,FALSE,7,267,717
"TENSIBLE",73,"Hubert Wee",17,1,FALSE,8,3939,4256
"DEMERGES",76,"Lim Li Wei",17,1,FALSE,8,21988,21707
"STORMIER",82,"Lim Li Wei",17,1,FALSE,8,4579,10674
"TARRIER",72,"Yong Jian Rong",17,1,FALSE,7,6302,3982
"RELOANS",68,"Yong Jian Rong",17,1,FALSE,7,192,1530
"CELOSIA",72,"Yong Jian Rong",17,1,FALSE,7,1092,3194
"TESTONS",91,"J Jeyaseelan",17,1,FALSE,7,13450,21407
"TAURINES",64,"Marlon Prudencio",17,1,FALSE,8,100,628
"FINAGLE",63,"Michael Tang",17,1,FALSE,7,3294,3794
"EXPANDS",81,"Tay Jing En",17,1,FALSE,7,18436,8933
"ARRIVES",80,"Jeremy Khoo",17,1,FALSE,7,5001,4070
"FOUTRES",68,"Jeremy Khoo",17,1,FALSE,7,5108,11445
"ENABLED",72,"Lee Guan Hui",17,1,FALSE,7,5244,6958
"OVERHAUL",80,"Lee Guan Hui",17,1,FALSE,8,8627,7374
"sEMANTIC",62,"Lee Cheong Cheng",17,1,FALSE,8,4235,10220
"RATINGS",61,"Lee Cheong Cheng",17,1,FALSE,7,1818,8990
"IRISATE",64,"Shim Yen Nee",17,1,FALSE,7,170,83
"HERRINg",75,"Shim Yen Nee",17,1,FALSE,7,11277,8620
"INTENSE",82,"Shim Yen Nee",17,1,FALSE,7,2477,1321
"EPiGONIS",62,"Leon Tan",17,1,TRUE,8,NA,NA
"AMBIENT",76,"Andy Kurnia",17,1,FALSE,7,3108,2040
"ODORANTS",82,"Gabriel Cheang",17,1,FALSE,8,3177,6810
"CAIQUES",94,"Yong Jian Rong",18,1,FALSE,7,14149,3493
"DIALOGS",74,"Yong Jian Rong",18,1,FALSE,7,4639,4576
"TENORITE",60,"Yong Jian Rong",18,1,FALSE,8,352,20
"ENTIRELY",72,"Marlon Prudencio",18,1,FALSE,8,2052,1006
"HANTLES",68,"Marlon Prudencio",18,1,FALSE,7,4129,2318
"ISATINES",131,"Tay Jing En",18,1,FALSE,8,3165,2373
"DOLLIES",78,"Tay Jing En",18,1,FALSE,7,7858,7819
"STRIDENT",122,"Tay Jing En",18,1,FALSE,8,2708,515
"DEITIES",73,"Gabriel Cheang",18,1,FALSE,7,2190,331
"CHEERING",74,"Lee Cheong Cheng",18,1,FALSE,8,11785,19106
"FINITES",74,"Lee Cheong Cheng",18,1,FALSE,7,4763,2878
"STANDER",68,"Leon Tan",18,1,FALSE,7,540,1684
"LOUNGeR",73,"Tony Sim",18,1,FALSE,7,3027,3101
"BARITONE",74,"Shim Yen Nee",18,1,FALSE,8,61,1003
"FORLANAS",76,"Shim Yen Nee",18,1,FALSE,8,10408,9579
"MODELING",72,"Shim Yen Nee",18,1,FALSE,8,5592,8369
"BLISTERS",83,"Shim Yen Nee",18,1,FALSE,8,15630,17926
"TEENIER",64,"Cheah Siu Hean",18,1,FALSE,7,637,64
"OWRIEST",94,"Hubert Wee",18,1,FALSE,7,1299,1154
"GOLDARNS",66,"Hubert Wee",18,1,FALSE,8,6355,4231
"NATURAL",62,"Hubert Wee",18,1,FALSE,7,5817,4163
"INULASE",97,"Michael Tang",18,1,FALSE,7,537,811
"GESTALTS",60,"Michael Tang",18,1,FALSE,8,22443,14208
"VArIABLE",66,"Andy Kurnia",18,1,FALSE,8,8002,4955
"LORRIES",80,"Andy Kurnia",18,1,FALSE,7,2203,707
"FOrEGONE",72,"Lim Li Wei",18,1,FALSE,8,8967,4614
"ARGYRIA",74,"J Jeyaseelan",18,1,FALSE,7,19024,12950
"DEBONAIR",65,"J Jeyaseelan",18,1,FALSE,8,226,409
"SEEPAGES",63,"J Jeyaseelan",18,1,FALSE,8,27666,22722
"VARIANT",76,"S Shantikumar",1,2,FALSE,7,3987,3696
"NASTIER",83,"Lee Chee Meng",1,2,FALSE,7,30,472
"HUNTERS",73,"Lee Chee Meng",1,2,FALSE,7,7589,12418
"LUSTIEST",75,"Valliamah Thambaiah",1,2,FALSE,8,19373,21904
"STAINER",75,"Lee Chee Meng",2,2,FALSE,7,36,1862
"TENAILS",62,"Nicholas Lee",2,2,FALSE,7,138,1930
"VIOLETS",79,"Khumraj Balal",2,2,FALSE,7,2666,4345
"ROUTINE",66,"Shukra Raj Gurung",2,2,FALSE,7,67,69
"REPRICE",79,"S Shantikumar",2,2,FALSE,7,16080,21235
"AILINGS",73,"Nicholas Lee",3,2,TRUE,7,NA,NA
"IDOLIST",74,"Valliamah Thambaiah",3,2,FALSE,7,6435,4006
"POSITED",74,"Lee Chee Meng",3,2,FALSE,7,2632,18741
"LITTERS",69,"Lee Chee Meng",3,2,FALSE,7,3739,12920
"AUNTIES",62,"Lee Chee Meng",3,2,FALSE,7,147,72
"MANDATES",74,"S Shantikumar",3,2,FALSE,8,6293,7495
"FAERIES",76,"Shukra Raj Gurung",3,2,FALSE,7,1352,1029
"SCOLDING",64,"Shukra Raj Gurung",3,2,FALSE,8,17087,22575
"ODONATES",58,"Shahrul Kamal",3,2,FALSE,8,763,237
"ARENITE",61,"Nicholas Lee",4,2,FALSE,7,14,36
"AIGRETS",67,"Nicholas Lee",4,2,FALSE,7,359,1916
"DETOURS",70,"Mohammed Ameen",4,2,FALSE,7,1703,15624
"LOUNGES",79,"Mohammed Ameen",4,2,FALSE,7,5549,6971
"INDORSE",84,"Khumraj Balal",4,2,FALSE,7,206,2440
"GLANDERS",88,"Khumraj Balal",4,2,FALSE,8,3207,6829
"UNITING",77,"Khumraj Balal",4,2,FALSE,7,17243,15713
"WRESTING",63,"Lee Chee Meng",4,2,FALSE,8,4750,4057
"SARDINES",70,"Lee Chee Meng",5,2,FALSE,8,2771,4693
"BROMATES",74,"Shahrul Kamal",5,2,FALSE,8,5100,11047
"INSURES",74,"Valliamah Thambaiah",5,2,FALSE,7,7096,10063
"ABLINGS",68,"Valliamah Thambaiah",5,2,FALSE,7,12688,9271
"PINIONS",60,"Shukra Raj Gurung",5,2,FALSE,7,17587,16416
"JUICERS",123,"Khumraj Balal",5,2,FALSE,7,18493,3473
"ADVICES",83,"Mohammed Ameen",6,2,FALSE,7,9037,2948
"STUNNED",76,"Mohammed Ameen",6,2,FALSE,7,10724,9142
"BANTERS",74,"Nicholas Lee",6,2,FALSE,7,2038,4274
"AREDING",72,"Nicholas Lee",6,2,FALSE,7,316,7510
"SOONEST",62,"Shahrul Kamal",6,2,FALSE,7,10361,8039
"RETILED",77,"Shahrul Kamal",6,2,FALSE,7,753,395
"HANGARS",68,"Shukra Raj Gurung",6,2,FALSE,7,17911,18043
"HARKING",93,"Khumraj Balal",7,2,FALSE,7,20092,24487
"TOURISTS",66,"Khumraj Balal",7,2,FALSE,8,19732,22555
"SPLEENS",84,"Valliamah Thambaiah",7,2,FALSE,7,22136,25536
"SNOWIER",85,"Mohammed Ameen",7,2,FALSE,7,1288,963
"DIETING",76,"Mohammed Ameen",7,2,FALSE,7,2799,8281
"DARTIEST",77,"S Shantikumar",7,2,TRUE,8,NA,NA
"TELLERS",74,"Shahrul Kamal",7,2,FALSE,7,12267,9200
"SHAKIER",76,"Mohammed Ameen",8,2,FALSE,7,10185,21073
"SMUTTIER",83,"Mohammed Ameen",8,2,FALSE,8,10750,15419
"APPLIED",73,"Lee Chee Meng",8,2,FALSE,7,19331,24923
"FERNIEST",91,"S Shantikumar",8,2,FALSE,8,2050,2935
"ELUSION",81,"Valliamah Thambaiah",8,2,FALSE,7,658,369
"TEARERS",69,"Shukra Raj Gurung",8,2,FALSE,7,2461,6536
"WAILERS",93,"Nicholas Lee",8,2,FALSE,7,2014,2458
"BRINGER",72,"Shahrul Kamal",8,2,FALSE,7,11269,12660
"RENTERS",84,"Khumraj Balal",9,2,FALSE,7,4926,4799
"STAINED",77,"Shahrul Kamal",9,2,FALSE,7,116,4438
"STAINED",73,"Valliamah Thambaiah",9,2,FALSE,7,116,4438
"AERIEST",71,"Lee Chee Meng",9,2,FALSE,7,73,34
"PICTURED",64,"Shukra Raj Gurung",9,2,FALSE,8,11634,7761
"SNIRTLE",67,"Nicholas Lee",9,2,FALSE,7,565,168
"REWINED",72,"Shukra Raj Gurung",10,2,TRUE,7,NA,NA
"REGAUGE",85,"S Shantikumar",10,2,FALSE,7,13857,11868
"LESIONED",84,"S Shantikumar",10,2,FALSE,8,612,2991
"THEMING",75,"Shahrul Kamal",10,2,FALSE,7,11904,11940
"REALISMS",62,"Shahrul Kamal",10,2,FALSE,8,11059,18633
"ORDINEES",77,"Shahrul Kamal",10,2,FALSE,8,217,551
"DELEGATE",78,"Lee Chee Meng",10,2,FALSE,8,6465,2839
"REWASHED",72,"Shahrul Kamal",11,2,FALSE,8,13297,26788
"TENSING",61,"Shahrul Kamal",11,2,FALSE,7,5801,7522
"TASTIEST",68,"Lee Chee Meng",11,2,FALSE,8,23117,23349
"LOUVRED",81,"S Shantikumar",11,2,FALSE,7,8367,6092
"UPRISING",65,"Khumraj Balal",11,2,FALSE,8,21423,22968
"SWADDIE",108,"Shahrul Kamal",12,2,FALSE,7,12544,13284
"MOILERS",83,"Shahrul Kamal",12,2,FALSE,7,2654,2438
"COTTAGE",61,"Shahrul Kamal",12,2,FALSE,7,8225,7295
"DUETING",78,"Khumraj Balal",12,2,FALSE,7,2260,4061
"DETAINED",64,"Lee Chee Meng",12,2,FALSE,8,1655,802
"VEILING",80,"Mohammed Ameen",12,2,FALSE,7,10714,10148
"OVERATED",70,"Valliamah Thambaiah",12,2,TRUE,8,NA,NA
"PANTIES",70,"Nicholas Lee",12,2,FALSE,7,893,4240
"INTENTS",72,"S Shantikumar",12,2,FALSE,7,7868,3871
"SHORTIE",80,"Valliamah Thambaiah",13,2,FALSE,7,1251,4683
"SEATING",74,"Valliamah Thambaiah",13,2,FALSE,7,352,5616
"COUPONS",78,"S Shantikumar",13,2,FALSE,7,26041,27956
"FOOTIES",76,"Khumraj Balal",13,2,FALSE,7,3656,2627
"EMAILER",70,"Shahrul Kamal",13,2,FALSE,7,1355,4263
"OUTPUTS",70,"Shahrul Kamal",13,2,FALSE,7,29418,29539
"POLARISE",65,"Shukra Raj Gurung",13,2,FALSE,8,702,5496
"TUNNELS",64,"Shukra Raj Gurung",13,2,FALSE,7,10731,4894
"NECKERS",79,"Mohammed Ameen",13,2,FALSE,7,19980,19322
"RADIATES",66,"Mohammed Ameen",13,2,FALSE,8,379,2735
"DOWNIES",69,"Shukra Raj Gurung",14,2,TRUE,7,NA,NA
"DORSING",68,"Valliamah Thambaiah",14,2,TRUE,7,NA,NA
"ROOTING",62,"Lee Chee Meng",14,2,FALSE,7,3556,4291
"ENLISTS",73,"Lee Chee Meng",14,2,FALSE,7,7090,8355
"SOARING",62,"Lee Chee Meng",14,2,FALSE,7,1074,4525
"LITERATE",113,"Mohammed Ameen",14,2,FALSE,8,642,608
"RANDIEST",70,"Mohammed Ameen",15,2,FALSE,8,82,386
"KNEELER",64,"Nicholas Lee",15,2,FALSE,7,16464,19071
"LATEENS",75,"Shahrul Kamal",15,2,FALSE,7,742,2704
"TRAINED",98,"Shahrul Kamal",15,2,FALSE,7,21,301
"ATONIES",66,"S Shantikumar",15,2,FALSE,7,11,3
"ONLIEST",65,"Shukra Raj Gurung",16,2,FALSE,7,227,324
"GOONIER",87,"Shahrul Kamal",16,2,FALSE,7,928,270
"AFFIXERS",91,"Shahrul Kamal",16,2,FALSE,8,31036,29219
"KETTLES",79,"Shahrul Kamal",16,2,FALSE,7,22496,21917
"IRONIES",70,"Nicholas Lee",16,2,FALSE,7,307,1330
