"","player","round","score","opp.no.","player.no.","bye","vp","result","start","opp","opp.score","margin","cumwin","cumspread","ave.score","hi.score","low.score","si","lose.streak","win.streak","rank"
"1","Alastair Richards",1,511,22,2,"N",1,"Win","N","Dianne Ward",350,161,1,161,511,511,511,100161,2,3,7
"2","Alex Tan",1,413,37,17,"N",1,"Win","N","Ananto Widodo",374,39,1,39,413,413,413,100039,3,8,15
"3","Ananto Widodo",1,374,17,37,"N",0,"Lose","N","Alex Tan",413,-39,0,-39,374,374,374,-39,4,1,26
"4","Andri Prasetyo",1,268,18,38,"N",0,"Lose","N","Tay Jing En",434,-166,0,-166,268,268,268,-166,4,2,35
"5","Andy Kurnia",1,424,26,6,"N",0.5,"Draw","N","Tengku Asri",424,0,0.5,0,424,424,424,50000,2,2,20
"6","Arul Inthirarajah",1,498,10,30,"N",1,"Win","N","Yong Jian Rong",263,235,1,235,498,498,498,100235,4,3,2
"7","Cheah Siu Hean",1,404,27,7,"N",0,"Lose","N","K Dorai Raja",406,-2,0,-2,404,404,404,-2,2,3,22
"8","Chew Han Ei",1,399,3,23,"N",0,"Lose","N","Hubert Wee",417,-18,0,-18,399,399,399,-18,2,3,24
"9","Dianne Ward",1,350,2,22,"N",0,"Lose","N","Alastair Richards",511,-161,0,-161,350,350,350,-161,2,3,34
"10","Elizabeth Wok",1,299,9,29,"N",0,"Lose","N","J Goutham",422,-123,0,-123,299,299,299,-123,2,3,33
"11","Gabriel Cheang",1,505,36,16,"N",1,"Win","N","Sharon Chia",286,219,1,219,505,505,505,100219,2,2,3
"12","Gan Yi En",1,494,33,13,"N",1,"Win","N","Shahrul Kamal",280,214,1,214,494,494,494,100214,3,2,4
"13","Goh Jiang Pern",1,417,34,14,"N",1,"Win","N","Mary Morgan",404,13,1,13,417,417,417,100013,4,2,18
"14","Hubert Wee",1,417,23,3,"N",1,"Win","N","Chew Han Ei",399,18,1,18,417,417,417,100018,2,4,17
"15","J Goutham",1,422,29,9,"N",1,"Win","N","Elizabeth Wok",299,123,1,123,422,422,422,100123,2,6,8
"16","Jeremy Khoo",1,461,35,15,"N",1,"Win","N","Theng Wai Mun",167,294,1,294,461,461,461,100294,3,2,1
"17","Jessie Lim",1,314,8,28,"N",0,"Lose","N","Yeo Kian Hung",520,-206,0,-206,314,314,314,-206,2,2,36
"18","K Dorai Raja",1,406,7,27,"N",1,"Win","N","Cheah Siu Hean",404,2,1,2,406,406,406,100002,6,4,19
"19","Karen Richards",1,342,1,21,"N",0,"Lose","N","Nigel Richards",444,-102,0,-102,342,342,342,-102,2,3,31
"20","Lee Cheong Cheng",1,150,40,20,"Y",1,"Win","N","Zz Bye",100,50,1,50,150,150,150,100050,4,6,14
"21","Leon Tan",1,426,5,25,"N",0,"Lose","N","Marlon Prudencio",518,-92,0,-92,426,426,426,-92,3,3,30
"22","Marlon Prudencio",1,518,25,5,"N",1,"Win","N","Leon Tan",426,92,1,92,518,518,518,100092,3,5,11
"23","Mary Morgan",1,404,14,34,"N",0,"Lose","N","Goh Jiang Pern",417,-13,0,-13,404,404,404,-13,5,4,23
"24","Muhd Fari Husada",1,372,19,39,"N",0,"Lose","N","Poh Ying Ming",439,-67,0,-67,372,372,372,-67,4,1,29
"25","Neo Wei Sheng",1,381,4,24,"N",0,"Lose","N","Tony Sim",414,-33,0,-33,381,381,381,-33,3,3,25
"26","Nicholas Hong",1,412,11,31,"N",1,"Win","N","Ricky Purnomo",349,63,1,63,412,412,412,100063,3,2,13
"27","Nigel Richards",1,444,21,1,"N",1,"Win","N","Karen Richards",342,102,1,102,444,444,444,100102,2,7,10
"28","Poh Ying Ming",1,439,39,19,"N",1,"Win","N","Muhd Fari Husada",372,67,1,67,439,439,439,100067,3,5,12
"29","Ricky Purnomo",1,349,31,11,"N",0,"Lose","N","Nicholas Hong",412,-63,0,-63,349,349,349,-63,2,4,28
"30","Ron Baginski",1,447,32,12,"N",1,"Win","N","Tan Mun Ri",338,109,1,109,447,447,447,100109,2,5,9
"31","Shahrul Kamal",1,280,13,33,"N",0,"Lose","N","Gan Yi En",494,-214,0,-214,280,280,280,-214,3,2,37
"32","Sharon Chia",1,286,16,36,"N",0,"Lose","N","Gabriel Cheang",505,-219,0,-219,286,286,286,-219,6,3,38
"33","Tan Mun Ri",1,338,12,32,"N",0,"Lose","N","Ron Baginski",447,-109,0,-109,338,338,338,-109,3,3,32
"34","Tay Jing En",1,434,38,18,"N",1,"Win","N","Andri Prasetyo",268,166,1,166,434,434,434,100166,6,3,6
"35","Tengku Asri",1,424,6,26,"N",0.5,"Draw","N","Andy Kurnia",424,0,0.5,0,424,424,424,50000,3,2,20
"36","Theng Wai Mun",1,167,15,35,"N",0,"Lose","N","Jeremy Khoo",461,-294,0,-294,167,167,167,-294,3,3,40
"37","Tony Sim",1,414,24,4,"N",1,"Win","N","Neo Wei Sheng",381,33,1,33,414,414,414,100033,3,4,16
"38","Yeo Kian Hung",1,520,28,8,"N",1,"Win","N","Jessie Lim",314,206,1,206,520,520,520,100206,2,3,5
"39","Yong Jian Rong",1,263,30,10,"N",0,"Lose","N","Arul Inthirarajah",498,-235,0,-235,263,263,263,-235,1,3,39
"40","Zz Bye",1,100,20,40,"Y",0,"Lose","N","Lee Cheong Cheng",150,-50,0,-50,100,100,100,-50,16,-Inf,27
"41","Alastair Richards",2,464,9,2,"N",0,"Lose","N","J Goutham",471,-7,1,154,487.5,511,464,100154,2,3,13
"42","Alex Tan",2,360,4,17,"N",0,"Lose","N","Tony Sim",587,-227,1,-188,386.5,413,360,99812,3,8,29
"43","Ananto Widodo",2,352,24,37,"N",0,"Lose","N","Neo Wei Sheng",440,-88,0,-127,363,374,352,-127,4,1,34
"44","Andri Prasetyo",2,300,28,38,"N",0,"Lose","N","Jessie Lim",526,-226,0,-392,284,300,268,-392,4,2,39
"45","Andy Kurnia",2,292,27,6,"N",0,"Lose","N","K Dorai Raja",563,-271,0.5,-271,358,424,292,49729,2,2,30
"46","Arul Inthirarajah",2,199,15,30,"N",0,"Lose","N","Jeremy Khoo",389,-190,1,45,348.5,498,199,100045,4,3,16
"47","Cheah Siu Hean",2,396,26,7,"N",0,"Lose","N","Tengku Asri",486,-90,0,-92,400,404,396,-92,2,3,32
"48","Chew Han Ei",2,408,34,23,"N",1,"Win","N","Mary Morgan",352,56,1,38,403.5,408,399,100038,2,3,18
"49","Dianne Ward",2,423,29,22,"N",1,"Win","N","Elizabeth Wok",299,124,1,-37,386.5,423,350,99963,2,3,24
"50","Elizabeth Wok",2,299,22,29,"N",0,"Lose","N","Dianne Ward",423,-124,0,-247,299,299,299,-247,2,3,37
"51","Gabriel Cheang",2,414,13,16,"N",0,"Lose","N","Gan Yi En",435,-21,1,198,459.5,505,414,100198,2,2,12
"52","Gan Yi En",2,435,16,13,"N",1,"Win","N","Gabriel Cheang",414,21,2,235,464.5,494,435,200235,3,2,6
"53","Goh Jiang Pern",2,383,3,14,"N",0,"Lose","N","Hubert Wee",446,-63,1,-50,400,417,383,99950,4,2,25
"54","Hubert Wee",2,446,14,3,"N",1,"Win","N","Goh Jiang Pern",383,63,2,81,431.5,446,417,200081,2,4,10
"55","J Goutham",2,471,2,9,"N",1,"Win","N","Alastair Richards",464,7,2,130,446.5,471,422,200130,2,6,7
"56","Jeremy Khoo",2,389,30,15,"N",1,"Win","N","Arul Inthirarajah",199,190,2,484,425,461,389,200484,3,2,1
"57","Jessie Lim",2,526,38,28,"N",1,"Win","N","Andri Prasetyo",300,226,1,20,420,526,314,100020,2,2,19
"58","K Dorai Raja",2,563,6,27,"N",1,"Win","N","Andy Kurnia",292,271,2,273,484.5,563,406,200273,6,4,4
"59","Karen Richards",2,357,32,21,"N",1,"Win","N","Tan Mun Ri",291,66,1,-36,349.5,357,342,99964,2,3,23
"60","Lee Cheong Cheng",2,499,31,20,"N",1,"Win","N","Nicholas Hong",419,80,2,130,324.5,499,150,200130,4,6,7
"61","Leon Tan",2,494,39,25,"N",1,"Win","N","Muhd Fari Husada",361,133,1,41,460,494,426,100041,3,3,17
"62","Marlon Prudencio",2,366,19,5,"N",1,"Win","N","Poh Ying Ming",363,3,2,95,442,518,366,200095,3,5,9
"63","Mary Morgan",2,352,23,34,"N",0,"Lose","N","Chew Han Ei",408,-56,0,-69,378,404,352,-69,5,4,31
"64","Muhd Fari Husada",2,361,25,39,"N",0,"Lose","N","Leon Tan",494,-133,0,-200,366.5,372,361,-200,4,1,36
"65","Neo Wei Sheng",2,440,37,24,"N",1,"Win","N","Ananto Widodo",352,88,1,55,410.5,440,381,100055,3,3,15
"66","Nicholas Hong",2,419,20,31,"N",0,"Lose","N","Lee Cheong Cheng",499,-80,1,-17,415.5,419,412,99983,3,2,21
"67","Nigel Richards",2,578,12,1,"N",1,"Win","N","Ron Baginski",406,172,2,274,511,578,444,200274,2,7,3
"68","Poh Ying Ming",2,363,5,19,"N",0,"Lose","N","Marlon Prudencio",366,-3,1,64,401,439,363,100064,3,5,14
"69","Ricky Purnomo",2,150,40,11,"Y",1,"Win","N","Zz Bye",100,50,1,-13,249.5,349,150,99987,2,4,20
"70","Ron Baginski",2,406,1,12,"N",0,"Lose","N","Nigel Richards",578,-172,1,-63,426.5,447,406,99937,2,5,26
"71","Shahrul Kamal",2,448,36,33,"N",1,"Win","N","Sharon Chia",329,119,1,-95,364,448,280,99905,3,2,27
"72","Sharon Chia",2,329,33,36,"N",0,"Lose","N","Shahrul Kamal",448,-119,0,-338,307.5,329,286,-338,6,3,38
"73","Tan Mun Ri",2,291,21,32,"N",0,"Lose","N","Karen Richards",357,-66,0,-175,314.5,338,291,-175,3,3,35
"74","Tay Jing En",2,367,8,18,"N",0,"Lose","N","Yeo Kian Hung",556,-189,1,-23,400.5,434,367,99977,6,3,22
"75","Tengku Asri",2,486,7,26,"N",1,"Win","N","Cheah Siu Hean",396,90,1.5,90,455,486,424,150090,3,2,11
"76","Theng Wai Mun",2,282,10,35,"N",0,"Lose","N","Yong Jian Rong",393,-111,0,-405,224.5,282,167,-405,3,3,40
"77","Tony Sim",2,587,17,4,"N",1,"Win","N","Alex Tan",360,227,2,260,500.5,587,414,200260,3,4,5
"78","Yeo Kian Hung",2,556,18,8,"N",1,"Win","N","Tay Jing En",367,189,2,395,538,556,520,200395,2,3,2
"79","Yong Jian Rong",2,393,35,10,"N",1,"Win","N","Theng Wai Mun",282,111,1,-124,328,393,263,99876,1,3,28
"80","Zz Bye",2,100,11,40,"Y",0,"Lose","N","Ricky Purnomo",150,-50,0,-100,100,100,100,-100,16,-Inf,33
"81","Alastair Richards",3,465,19,2,"N",1,"Win","N","Poh Ying Ming",389,76,2,230,480,511,464,200230,2,3,9
"82","Alex Tan",3,361,6,17,"N",0,"Lose","N","Andy Kurnia",406,-45,1,-233,378,413,360,99767,3,8,32
"83","Ananto Widodo",3,150,40,37,"Y",1,"Win","N","Zz Bye",100,50,1,-77,292,374,150,99923,4,1,27
"84","Andri Prasetyo",3,402,35,38,"N",1,"Win","N","Theng Wai Mun",359,43,1,-349,323.333333333333,402,268,99651,4,2,35
"85","Andy Kurnia",3,406,17,6,"N",1,"Win","N","Alex Tan",361,45,1.5,-226,374,424,292,149774,2,2,21
"86","Arul Inthirarajah",3,441,24,30,"N",0,"Lose","N","Neo Wei Sheng",472,-31,1,14,379.333333333333,498,199,100014,4,3,23
"87","Cheah Siu Hean",3,498,34,7,"N",1,"Win","N","Mary Morgan",278,220,1,128,432.666666666667,498,396,100128,2,3,22
"88","Chew Han Ei",3,404,25,23,"N",0,"Lose","N","Leon Tan",488,-84,1,-46,403.666666666667,408,399,99954,2,3,26
"89","Dianne Ward",3,352,21,22,"N",0,"Lose","N","Karen Richards",424,-72,1,-109,375,423,350,99891,2,3,28
"90","Elizabeth Wok",3,364,36,29,"N",1,"Win","N","Sharon Chia",337,27,1,-220,320.666666666667,364,299,99780,2,3,31
"91","Gabriel Cheang",3,472,26,16,"N",1,"Win","N","Tengku Asri",302,170,2,368,463.666666666667,505,414,200368,2,2,7
"92","Gan Yi En",3,367,4,13,"N",0,"Lose","N","Tony Sim",527,-160,2,75,432,494,367,200075,3,2,14
"93","Goh Jiang Pern",3,408,12,14,"N",0,"Lose","N","Ron Baginski",493,-85,1,-135,402.666666666667,417,383,99865,4,2,29
"94","Hubert Wee",3,393,5,3,"N",0,"Lose","N","Marlon Prudencio",484,-91,2,-10,418.666666666667,446,393,199990,2,4,18
"95","J Goutham",3,391,20,9,"N",0,"Lose","N","Lee Cheong Cheng",442,-51,2,79,428,471,391,200079,2,6,13
"96","Jeremy Khoo",3,331,8,15,"N",0,"Lose","N","Yeo Kian Hung",410,-79,2,405,393.666666666667,461,331,200405,3,2,6
"97","Jessie Lim",3,332,11,28,"N",0,"Lose","N","Ricky Purnomo",593,-261,1,-241,390.666666666667,526,314,99759,2,2,33
"98","K Dorai Raja",3,490,1,27,"N",1,"Win","N","Nigel Richards",372,118,3,391,486.333333333333,563,406,300391,6,4,3
"99","Karen Richards",3,424,22,21,"N",1,"Win","N","Dianne Ward",352,72,2,36,374.333333333333,424,342,200036,2,3,16
"100","Lee Cheong Cheng",3,442,9,20,"N",1,"Win","N","J Goutham",391,51,3,181,363.666666666667,499,150,300181,4,6,5
"101","Leon Tan",3,488,23,25,"N",1,"Win","N","Chew Han Ei",404,84,2,125,469.333333333333,494,426,200125,3,3,11
"102","Marlon Prudencio",3,484,3,5,"N",1,"Win","N","Hubert Wee",393,91,3,186,456,518,366,300186,3,5,4
"103","Mary Morgan",3,278,7,34,"N",0,"Lose","N","Cheah Siu Hean",498,-220,0,-289,344.666666666667,404,278,-289,5,4,38
"104","Muhd Fari Husada",3,366,32,39,"N",0,"Lose","N","Tan Mun Ri",395,-29,0,-229,366.333333333333,372,361,-229,4,1,37
"105","Neo Wei Sheng",3,472,30,24,"N",1,"Win","N","Arul Inthirarajah",441,31,2,86,431,472,381,200086,3,3,12
"106","Nicholas Hong",3,422,18,31,"N",0,"Lose","N","Tay Jing En",434,-12,1,-29,417.666666666667,422,412,99971,3,2,25
"107","Nigel Richards",3,372,27,1,"N",0,"Lose","N","K Dorai Raja",490,-118,2,156,464.666666666667,578,372,200156,2,7,10
"108","Poh Ying Ming",3,389,2,19,"N",0,"Lose","N","Alastair Richards",465,-76,1,-12,397,439,363,99988,3,5,24
"109","Ricky Purnomo",3,593,28,11,"N",1,"Win","N","Jessie Lim",332,261,2,248,364,593,150,200248,2,4,8
"110","Ron Baginski",3,493,14,12,"N",1,"Win","N","Goh Jiang Pern",408,85,2,22,448.666666666667,493,406,200022,2,5,17
"111","Shahrul Kamal",3,354,10,33,"N",0,"Lose","N","Yong Jian Rong",543,-189,1,-284,360.666666666667,448,280,99716,3,2,34
"112","Sharon Chia",3,337,29,36,"N",0,"Lose","N","Elizabeth Wok",364,-27,0,-365,317.333333333333,337,286,-365,6,3,39
"113","Tan Mun Ri",3,395,39,32,"N",1,"Win","N","Muhd Fari Husada",366,29,1,-146,341.333333333333,395,291,99854,3,3,30
"114","Tay Jing En",3,434,31,18,"N",1,"Win","N","Nicholas Hong",422,12,2,-11,411.666666666667,434,367,199989,6,3,19
"115","Tengku Asri",3,302,16,26,"N",0,"Lose","N","Gabriel Cheang",472,-170,1.5,-80,404,486,302,149920,3,2,20
"116","Theng Wai Mun",3,359,38,35,"N",0,"Lose","N","Andri Prasetyo",402,-43,0,-448,269.333333333333,359,167,-448,3,3,40
"117","Tony Sim",3,527,13,4,"N",1,"Win","N","Gan Yi En",367,160,3,420,509.333333333333,587,414,300420,3,4,2
"118","Yeo Kian Hung",3,410,15,8,"N",1,"Win","N","Jeremy Khoo",331,79,3,474,495.333333333333,556,410,300474,2,3,1
"119","Yong Jian Rong",3,543,33,10,"N",1,"Win","N","Shahrul Kamal",354,189,2,65,399.666666666667,543,263,200065,1,3,15
"120","Zz Bye",3,100,37,40,"Y",0,"Lose","N","Ananto Widodo",150,-50,0,-150,100,100,100,-150,16,-Inf,36
"121","Alastair Richards",4,506,1,2,"N",1,"Win","N","Nigel Richards",457,49,3,279,486.5,511,464,300279,2,3,7
"122","Alex Tan",4,376,29,17,"N",0,"Lose","N","Elizabeth Wok",394,-18,1,-251,377.5,413,360,99749,3,8,34
"123","Ananto Widodo",4,366,22,37,"N",0,"Lose","N","Dianne Ward",441,-75,1,-152,310.5,374,150,99848,4,1,31
"124","Andri Prasetyo",4,150,40,38,"Y",1,"Win","N","Zz Bye",100,50,2,-299,280,402,150,199701,4,2,28
"125","Andy Kurnia",4,296,7,6,"N",0,"Lose","N","Cheah Siu Hean",510,-214,1.5,-440,354.5,424,292,149560,2,2,29
"126","Arul Inthirarajah",4,314,19,30,"N",0,"Lose","N","Poh Ying Ming",413,-99,1,-85,363,498,199,99915,4,3,30
"127","Cheah Siu Hean",4,510,6,7,"N",1,"Win","N","Andy Kurnia",296,214,2,342,452,510,396,200342,2,3,13
"128","Chew Han Ei",4,448,31,23,"N",1,"Win","N","Nicholas Hong",325,123,2,77,414.75,448,399,200077,2,3,18
"129","Dianne Ward",4,441,37,22,"N",1,"Win","N","Ananto Widodo",366,75,2,-34,391.5,441,350,199966,2,3,24
"130","Elizabeth Wok",4,394,17,29,"N",1,"Win","N","Alex Tan",376,18,2,-202,339,394,299,199798,2,3,27
"131","Gabriel Cheang",4,471,11,16,"N",1,"Win","N","Ricky Purnomo",392,79,3,447,465.5,505,414,300447,2,2,4
"132","Gan Yi En",4,436,9,13,"N",0,"Lose","N","J Goutham",437,-1,2,74,433,494,367,200074,3,2,19
"133","Goh Jiang Pern",4,257,32,14,"N",0,"Lose","N","Tan Mun Ri",419,-162,1,-297,366.25,417,257,99703,4,2,35
"134","Hubert Wee",4,448,12,3,"N",1,"Win","N","Ron Baginski",429,19,3,9,426,448,393,300009,2,4,11
"135","J Goutham",4,437,13,9,"N",1,"Win","N","Gan Yi En",436,1,3,80,430.25,471,391,300080,2,6,9
"136","Jeremy Khoo",4,358,20,15,"N",0,"Lose","N","Lee Cheong Cheng",459,-101,2,304,384.75,461,331,200304,3,2,14
"137","Jessie Lim",4,385,33,28,"N",1,"Win","N","Shahrul Kamal",314,71,2,-170,389.25,526,314,199830,2,2,26
"138","K Dorai Raja",4,410,5,27,"N",0,"Lose","N","Marlon Prudencio",442,-32,3,359,467.25,563,406,300359,6,4,6
"139","Karen Richards",4,457,10,21,"N",1,"Win","N","Yong Jian Rong",449,8,3,44,395,457,342,300044,2,3,10
"140","Lee Cheong Cheng",4,459,15,20,"N",1,"Win","N","Jeremy Khoo",358,101,4,282,387.5,499,150,400282,4,6,2
"141","Leon Tan",4,498,24,25,"N",1,"Win","N","Neo Wei Sheng",381,117,3,242,476.5,498,426,300242,3,3,8
"142","Marlon Prudencio",4,442,27,5,"N",1,"Win","N","K Dorai Raja",410,32,4,218,452.5,518,366,400218,3,5,3
"143","Mary Morgan",4,393,39,34,"N",1,"Win","N","Muhd Fari Husada",263,130,1,-159,356.75,404,278,99841,5,4,33
"144","Muhd Fari Husada",4,263,34,39,"N",0,"Lose","N","Mary Morgan",393,-130,0,-359,340.5,372,263,-359,4,1,39
"145","Neo Wei Sheng",4,381,25,24,"N",0,"Lose","N","Leon Tan",498,-117,2,-31,418.5,472,381,199969,3,3,23
"146","Nicholas Hong",4,325,23,31,"N",0,"Lose","N","Chew Han Ei",448,-123,1,-152,394.5,422,325,99848,3,2,31
"147","Nigel Richards",4,457,2,1,"N",0,"Lose","N","Alastair Richards",506,-49,2,107,462.75,578,372,200107,2,7,16
"148","Poh Ying Ming",4,413,30,19,"N",1,"Win","N","Arul Inthirarajah",314,99,2,87,401,439,363,200087,3,5,17
"149","Ricky Purnomo",4,392,16,11,"N",0,"Lose","N","Gabriel Cheang",471,-79,2,169,371,593,150,200169,2,4,15
"150","Ron Baginski",4,429,3,12,"N",0,"Lose","N","Hubert Wee",448,-19,2,3,443.75,493,406,200003,2,5,22
"151","Shahrul Kamal",4,314,28,33,"N",0,"Lose","N","Jessie Lim",385,-71,1,-355,349,448,280,99645,3,2,36
"152","Sharon Chia",4,309,35,36,"N",0,"Lose","N","Theng Wai Mun",334,-25,0,-390,315.25,337,286,-390,6,3,40
"153","Tan Mun Ri",4,419,14,32,"N",1,"Win","N","Goh Jiang Pern",257,162,2,16,360.75,419,291,200016,3,3,21
"154","Tay Jing En",4,373,26,18,"N",0,"Lose","N","Tengku Asri",417,-44,2,-55,402,434,367,199945,6,3,25
"155","Tengku Asri",4,417,18,26,"N",1,"Win","N","Tay Jing En",373,44,2.5,-36,407.25,486,302,249964,3,2,12
"156","Theng Wai Mun",4,334,36,35,"N",1,"Win","N","Sharon Chia",309,25,1,-423,285.5,359,167,99577,3,3,37
"157","Tony Sim",4,458,8,4,"N",1,"Win","N","Yeo Kian Hung",401,57,4,477,496.5,587,414,400477,3,4,1
"158","Yeo Kian Hung",4,401,4,8,"N",0,"Lose","N","Tony Sim",458,-57,3,417,471.75,556,401,300417,2,3,5
"159","Yong Jian Rong",4,449,21,10,"N",0,"Lose","N","Karen Richards",457,-8,2,57,412,543,263,200057,1,3,20
"160","Zz Bye",4,100,38,40,"Y",0,"Lose","N","Andri Prasetyo",150,-50,0,-200,100,100,100,-200,16,-Inf,38
"161","Alastair Richards",5,507,25,2,"N",1,"Win","N","Leon Tan",285,222,4,501,490.6,511,464,400501,2,3,3
"162","Alex Tan",5,453,34,17,"N",1,"Win","N","Mary Morgan",353,100,2,-151,392.6,453,360,199849,3,8,29
"163","Ananto Widodo",5,323,31,37,"N",0,"Lose","N","Nicholas Hong",358,-35,1,-187,313,374,150,99813,4,1,34
"164","Andri Prasetyo",5,374,29,38,"N",0,"Lose","N","Elizabeth Wok",406,-32,2,-331,298.8,402,150,199669,4,2,32
"165","Andy Kurnia",5,482,30,6,"N",1,"Win","N","Arul Inthirarajah",352,130,2.5,-310,380,482,292,249690,2,2,21
"166","Arul Inthirarajah",5,352,6,30,"N",0,"Lose","N","Andy Kurnia",482,-130,1,-215,360.8,498,199,99785,4,3,35
"167","Cheah Siu Hean",5,468,15,7,"N",1,"Win","N","Jeremy Khoo",348,120,3,462,455.2,510,396,300462,2,3,8
"168","Chew Han Ei",5,424,19,23,"N",1,"Win","N","Poh Ying Ming",408,16,3,93,416.6,448,399,300093,2,3,13
"169","Dianne Ward",5,429,12,22,"N",0,"Lose","N","Ron Baginski",461,-32,2,-66,399,441,350,199934,2,3,26
"170","Elizabeth Wok",5,406,38,29,"N",1,"Win","N","Andri Prasetyo",374,32,3,-170,352.4,406,299,299830,2,3,19
"171","Gabriel Cheang",5,355,5,16,"N",0,"Lose","N","Marlon Prudencio",418,-63,3,384,443.4,505,355,300384,2,2,9
"172","Gan Yi En",5,402,10,13,"N",0,"Lose","N","Yong Jian Rong",429,-27,2,47,426.8,494,367,200047,3,2,25
"173","Goh Jiang Pern",5,385,33,14,"N",0,"Lose","N","Shahrul Kamal",415,-30,1,-327,370,417,257,99673,4,2,38
"174","Hubert Wee",5,418,26,3,"N",1,"Win","N","Tengku Asri",389,29,4,38,424.4,448,393,400038,2,4,7
"175","J Goutham",5,536,21,9,"N",1,"Win","N","Karen Richards",357,179,4,259,451.4,536,391,400259,2,6,6
"176","Jeremy Khoo",5,348,7,15,"N",0,"Lose","N","Cheah Siu Hean",468,-120,2,184,377.4,461,331,200184,3,2,22
"177","Jessie Lim",5,317,18,28,"N",0,"Lose","N","Tay Jing En",412,-95,2,-265,374.8,526,314,199735,2,2,30
"178","K Dorai Raja",5,421,8,27,"N",0,"Lose","N","Yeo Kian Hung",464,-43,3,316,458,563,406,300316,6,4,10
"179","Karen Richards",5,357,9,21,"N",0,"Lose","N","J Goutham",536,-179,3,-135,387.4,457,342,299865,2,3,18
"180","Lee Cheong Cheng",5,481,4,20,"N",1,"Win","N","Tony Sim",379,102,5,384,406.2,499,150,500384,4,6,1
"181","Leon Tan",5,285,2,25,"N",0,"Lose","N","Alastair Richards",507,-222,3,20,438.2,498,285,300020,3,3,17
"182","Marlon Prudencio",5,418,16,5,"N",1,"Win","N","Gabriel Cheang",355,63,5,281,445.6,518,366,500281,3,5,2
"183","Mary Morgan",5,353,17,34,"N",0,"Lose","N","Alex Tan",453,-100,1,-259,356,404,278,99741,5,4,37
"184","Muhd Fari Husada",5,419,36,39,"N",1,"Win","N","Sharon Chia",306,113,1,-246,356.2,419,263,99754,4,1,36
"185","Neo Wei Sheng",5,357,32,24,"N",0,"Lose","N","Tan Mun Ri",464,-107,2,-138,406.2,472,357,199862,3,3,28
"186","Nicholas Hong",5,358,37,31,"N",1,"Win","N","Ananto Widodo",323,35,2,-117,387.2,422,325,199883,3,2,27
"187","Nigel Richards",5,459,11,1,"N",1,"Win","N","Ricky Purnomo",351,108,3,215,462,578,372,300215,2,7,11
"188","Poh Ying Ming",5,408,23,19,"N",0,"Lose","N","Chew Han Ei",424,-16,2,71,402.4,439,363,200071,3,5,23
"189","Ricky Purnomo",5,351,1,11,"N",0,"Lose","N","Nigel Richards",459,-108,2,61,367,593,150,200061,2,4,24
"190","Ron Baginski",5,461,22,12,"N",1,"Win","N","Dianne Ward",429,32,3,35,447.2,493,406,300035,2,5,16
"191","Shahrul Kamal",5,415,14,33,"N",1,"Win","N","Goh Jiang Pern",385,30,2,-325,362.2,448,280,199675,3,2,31
"192","Sharon Chia",5,306,39,36,"N",0,"Lose","N","Muhd Fari Husada",419,-113,0,-503,313.4,337,286,-503,6,3,40
"193","Tan Mun Ri",5,464,24,32,"N",1,"Win","N","Neo Wei Sheng",357,107,3,123,381.4,464,291,300123,3,3,12
"194","Tay Jing En",5,412,28,18,"N",1,"Win","N","Jessie Lim",317,95,3,40,404,434,367,300040,6,3,15
"195","Tengku Asri",5,389,3,26,"N",0,"Lose","N","Hubert Wee",418,-29,2.5,-65,403.6,486,302,249935,3,2,20
"196","Theng Wai Mun",5,150,40,35,"Y",1,"Win","N","Zz Bye",100,50,2,-373,258.4,359,150,199627,3,3,33
"197","Tony Sim",5,379,20,4,"N",0,"Lose","N","Lee Cheong Cheng",481,-102,4,375,473,587,379,400375,3,4,5
"198","Yeo Kian Hung",5,464,27,8,"N",1,"Win","N","K Dorai Raja",421,43,4,460,470.2,556,401,400460,2,3,4
"199","Yong Jian Rong",5,429,13,10,"N",1,"Win","N","Gan Yi En",402,27,3,84,415.4,543,263,300084,1,3,14
"200","Zz Bye",5,100,35,40,"Y",0,"Lose","N","Theng Wai Mun",150,-50,0,-250,100,100,100,-250,16,-Inf,39
"201","Alastair Richards",6,351,8,2,"N",0,"Lose","N","Yeo Kian Hung",414,-63,4,438,467.333333333333,511,351,400438,2,3,8
"202","Alex Tan",6,385,28,17,"N",1,"Win","N","Jessie Lim",274,111,3,-40,391.333333333333,453,360,299960,3,8,23
"203","Ananto Widodo",6,364,35,37,"N",0,"Lose","N","Theng Wai Mun",376,-12,1,-199,321.5,374,150,99801,4,1,37
"204","Andri Prasetyo",6,249,33,38,"N",0,"Lose","N","Shahrul Kamal",558,-309,2,-640,290.5,402,150,199360,4,2,36
"205","Andy Kurnia",6,391,15,6,"N",0,"Lose","N","Jeremy Khoo",461,-70,2.5,-380,381.833333333333,482,292,249620,2,2,28
"206","Arul Inthirarajah",6,416,39,30,"N",1,"Win","N","Muhd Fari Husada",335,81,2,-134,370,498,199,199866,4,3,30
"207","Cheah Siu Hean",6,373,3,7,"N",0,"Lose","N","Hubert Wee",469,-96,3,366,441.5,510,373,300366,2,3,14
"208","Chew Han Ei",6,444,10,23,"N",1,"Win","N","Yong Jian Rong",388,56,4,149,421.166666666667,448,399,400149,2,3,10
"209","Dianne Ward",6,288,13,22,"N",0,"Lose","N","Gan Yi En",517,-229,2,-295,380.5,441,288,199705,2,3,34
"210","Elizabeth Wok",6,349,26,29,"N",0,"Lose","N","Tengku Asri",397,-48,3,-218,351.833333333333,406,299,299782,2,3,26
"211","Gabriel Cheang",6,464,27,16,"N",1,"Win","N","K Dorai Raja",340,124,4,508,446.833333333333,505,355,400508,2,2,6
"212","Gan Yi En",6,517,22,13,"N",1,"Win","N","Dianne Ward",288,229,3,276,441.833333333333,517,367,300276,3,2,16
"213","Goh Jiang Pern",6,433,36,14,"N",1,"Win","N","Sharon Chia",219,214,2,-113,380.5,433,257,199887,4,2,29
"214","Hubert Wee",6,469,7,3,"N",1,"Win","N","Cheah Siu Hean",373,96,5,134,431.833333333333,469,393,500134,2,4,5
"215","J Goutham",6,412,4,9,"N",0,"Lose","N","Tony Sim",453,-41,4,218,444.833333333333,536,391,400218,2,6,9
"216","Jeremy Khoo",6,461,6,15,"N",1,"Win","N","Andy Kurnia",391,70,3,254,391.333333333333,461,331,300254,3,2,17
"217","Jessie Lim",6,274,17,28,"N",0,"Lose","N","Alex Tan",385,-111,2,-376,358,526,274,199624,2,2,35
"218","K Dorai Raja",6,340,16,27,"N",0,"Lose","N","Gabriel Cheang",464,-124,3,192,438.333333333333,563,340,300192,6,4,18
"219","Karen Richards",6,382,25,21,"N",1,"Win","N","Leon Tan",345,37,4,-98,386.5,457,342,399902,2,3,12
"220","Lee Cheong Cheng",6,445,5,20,"N",1,"Win","N","Marlon Prudencio",433,12,6,396,412.666666666667,499,150,600396,4,6,1
"221","Leon Tan",6,345,21,25,"N",0,"Lose","N","Karen Richards",382,-37,3,-17,422.666666666667,498,285,299983,3,3,22
"222","Marlon Prudencio",6,433,20,5,"N",0,"Lose","N","Lee Cheong Cheng",445,-12,5,269,443.5,518,366,500269,3,5,4
"223","Mary Morgan",6,150,40,34,"Y",1,"Win","N","Zz Bye",100,50,2,-209,321.666666666667,404,150,199791,5,4,32
"224","Muhd Fari Husada",6,335,30,39,"N",0,"Lose","N","Arul Inthirarajah",416,-81,1,-327,352.666666666667,419,263,99673,4,1,38
"225","Neo Wei Sheng",6,443,31,24,"N",1,"Win","N","Nicholas Hong",399,44,3,-94,412.333333333333,472,357,299906,3,3,24
"226","Nicholas Hong",6,399,24,31,"N",0,"Lose","N","Neo Wei Sheng",443,-44,2,-161,389.166666666667,422,325,199839,3,2,31
"227","Nigel Richards",6,569,32,1,"N",1,"Win","N","Tan Mun Ri",291,278,4,493,479.833333333333,578,372,400493,2,7,7
"228","Poh Ying Ming",6,281,11,19,"N",0,"Lose","N","Ricky Purnomo",566,-285,2,-214,382.166666666667,439,281,199786,3,5,33
"229","Ricky Purnomo",6,566,19,11,"N",1,"Win","N","Poh Ying Ming",281,285,3,346,400.166666666667,593,150,300346,2,4,15
"230","Ron Baginski",6,457,18,12,"N",1,"Win","N","Tay Jing En",429,28,4,63,448.833333333333,493,406,400063,2,5,11
"231","Shahrul Kamal",6,558,38,33,"N",1,"Win","N","Andri Prasetyo",249,309,3,-16,394.833333333333,558,280,299984,3,2,21
"232","Sharon Chia",6,219,14,36,"N",0,"Lose","N","Goh Jiang Pern",433,-214,0,-717,297.666666666667,337,219,-717,6,3,40
"233","Tan Mun Ri",6,291,1,32,"N",0,"Lose","N","Nigel Richards",569,-278,3,-155,366.333333333333,464,291,299845,3,3,25
"234","Tay Jing En",6,429,12,18,"N",0,"Lose","N","Ron Baginski",457,-28,3,12,408.166666666667,434,367,300012,6,3,20
"235","Tengku Asri",6,397,29,26,"N",1,"Win","N","Elizabeth Wok",349,48,3.5,-17,402.5,486,302,349983,3,2,13
"236","Theng Wai Mun",6,376,37,35,"N",1,"Win","N","Ananto Widodo",364,12,3,-361,278,376,150,299639,3,3,27
"237","Tony Sim",6,453,9,4,"N",1,"Win","N","J Goutham",412,41,5,416,469.666666666667,587,379,500416,3,4,3
"238","Yeo Kian Hung",6,414,2,8,"N",1,"Win","N","Alastair Richards",351,63,5,523,460.833333333333,556,401,500523,2,3,2
"239","Yong Jian Rong",6,388,23,10,"N",0,"Lose","N","Chew Han Ei",444,-56,3,28,410.833333333333,543,263,300028,1,3,19
"240","Zz Bye",6,100,34,40,"Y",0,"Lose","N","Mary Morgan",150,-50,0,-300,100,100,100,-300,16,-Inf,39
"241","Alastair Richards",7,500,23,2,"N",1,"Win","N","Chew Han Ei",307,193,5,631,472,511,351,500631,2,3,5
"242","Alex Tan",7,393,24,17,"N",1,"Win","N","Neo Wei Sheng",375,18,4,-22,391.571428571429,453,360,399978,3,8,16
"243","Ananto Widodo",7,384,28,37,"N",0,"Lose","N","Jessie Lim",481,-97,1,-296,330.428571428571,384,150,99704,4,1,38
"244","Andri Prasetyo",7,314,39,38,"N",0,"Lose","N","Muhd Fari Husada",449,-135,2,-775,293.857142857143,402,150,199225,4,2,37
"245","Andy Kurnia",7,452,35,6,"N",1,"Win","N","Theng Wai Mun",334,118,3.5,-262,391.857142857143,482,292,349738,2,2,20
"246","Arul Inthirarajah",7,417,14,30,"N",1,"Win","N","Goh Jiang Pern",326,91,3,-43,376.714285714286,498,199,299957,4,3,26
"247","Cheah Siu Hean",7,617,13,7,"N",1,"Win","N","Gan Yi En",369,248,4,614,466.571428571429,617,373,400614,2,3,10
"248","Chew Han Ei",7,307,2,23,"N",0,"Lose","N","Alastair Richards",500,-193,4,-44,404.857142857143,448,307,399956,2,3,17
"249","Dianne Ward",7,496,19,22,"N",1,"Win","N","Poh Ying Ming",320,176,3,-119,397,496,288,299881,2,3,28
"250","Elizabeth Wok",7,408,32,29,"N",1,"Win","N","Tan Mun Ri",405,3,4,-215,359.857142857143,408,299,399785,2,3,19
"251","Gabriel Cheang",7,362,3,16,"N",0,"Lose","N","Hubert Wee",518,-156,4,352,434.714285714286,505,355,400352,2,2,13
"252","Gan Yi En",7,369,7,13,"N",0,"Lose","N","Cheah Siu Hean",617,-248,3,28,431.428571428571,517,367,300028,3,2,23
"253","Goh Jiang Pern",7,326,30,14,"N",0,"Lose","N","Arul Inthirarajah",417,-91,2,-204,372.714285714286,433,257,199796,4,2,34
"254","Hubert Wee",7,518,16,3,"N",1,"Win","N","Gabriel Cheang",362,156,6,290,444.142857142857,518,393,600290,2,4,3
"255","J Goutham",7,344,1,9,"N",1,"Win","N","Nigel Richards",329,15,5,233,430.428571428571,536,344,500233,2,6,7
"256","Jeremy Khoo",7,488,27,15,"N",1,"Win","N","K Dorai Raja",385,103,4,357,405.142857142857,488,331,400357,3,2,12
"257","Jessie Lim",7,481,37,28,"N",1,"Win","N","Ananto Widodo",384,97,3,-279,375.571428571429,526,274,299721,2,2,31
"258","K Dorai Raja",7,385,15,27,"N",0,"Lose","N","Jeremy Khoo",488,-103,3,89,430.714285714286,563,340,300089,6,4,22
"259","Karen Richards",7,321,12,21,"N",0,"Lose","N","Ron Baginski",401,-80,4,-178,377.142857142857,457,321,399822,2,3,18
"260","Lee Cheong Cheng",7,256,8,20,"N",0,"Lose","N","Yeo Kian Hung",416,-160,6,236,390.285714285714,499,150,600236,4,6,4
"261","Leon Tan",7,390,33,25,"N",1,"Win","N","Shahrul Kamal",380,10,4,-7,418,498,285,399993,3,3,15
"262","Marlon Prudencio",7,510,4,5,"N",1,"Win","N","Tony Sim",476,34,6,303,453,518,366,600303,3,5,2
"263","Mary Morgan",7,491,31,34,"N",1,"Win","N","Nicholas Hong",321,170,3,-39,345.857142857143,491,150,299961,5,4,25
"264","Muhd Fari Husada",7,449,38,39,"N",1,"Win","N","Andri Prasetyo",314,135,2,-192,366.428571428571,449,263,199808,4,1,33
"265","Neo Wei Sheng",7,375,17,24,"N",0,"Lose","N","Alex Tan",393,-18,3,-112,407,472,357,299888,3,3,27
"266","Nicholas Hong",7,321,34,31,"N",0,"Lose","N","Mary Morgan",491,-170,2,-331,379.428571428571,422,321,199669,3,2,35
"267","Nigel Richards",7,329,9,1,"N",0,"Lose","N","J Goutham",344,-15,4,478,458.285714285714,578,329,400478,2,7,11
"268","Poh Ying Ming",7,320,22,19,"N",0,"Lose","N","Dianne Ward",496,-176,2,-390,373.285714285714,439,281,199610,3,5,36
"269","Ricky Purnomo",7,359,26,11,"N",0,"Lose","N","Tengku Asri",462,-103,3,243,394.285714285714,593,150,300243,2,4,21
"270","Ron Baginski",7,401,21,12,"N",1,"Win","N","Karen Richards",321,80,5,143,442,493,401,500143,2,5,8
"271","Shahrul Kamal",7,380,25,33,"N",0,"Lose","N","Leon Tan",390,-10,3,-26,392.714285714286,558,280,299974,3,2,24
"272","Sharon Chia",7,150,40,36,"Y",1,"Win","N","Zz Bye",100,50,1,-667,276.571428571429,337,150,99333,6,3,39
"273","Tan Mun Ri",7,405,29,32,"N",0,"Lose","N","Elizabeth Wok",408,-3,3,-158,371.857142857143,464,291,299842,3,3,29
"274","Tay Jing En",7,320,10,18,"N",0,"Lose","N","Yong Jian Rong",514,-194,3,-182,395.571428571429,434,320,299818,6,3,30
"275","Tengku Asri",7,462,11,26,"N",1,"Win","N","Ricky Purnomo",359,103,4.5,86,411,486,302,450086,3,2,9
"276","Theng Wai Mun",7,334,6,35,"N",0,"Lose","N","Andy Kurnia",452,-118,3,-479,286,376,150,299521,3,3,32
"277","Tony Sim",7,476,5,4,"N",0,"Lose","N","Marlon Prudencio",510,-34,5,382,470.571428571429,587,379,500382,3,4,6
"278","Yeo Kian Hung",7,416,20,8,"N",1,"Win","N","Lee Cheong Cheng",256,160,6,683,454.428571428571,556,401,600683,2,3,1
"279","Yong Jian Rong",7,514,18,10,"N",1,"Win","N","Tay Jing En",320,194,4,222,425.571428571429,543,263,400222,1,3,14
"280","Zz Bye",7,100,36,40,"Y",0,"Lose","N","Sharon Chia",150,-50,0,-350,100,100,100,-350,16,-Inf,40
"281","Alastair Richards",8,501,4,2,"N",1,"Win","N","Tony Sim",370,131,6,762,475.625,511,351,600762,2,3,3
"282","Alex Tan",8,458,25,17,"N",1,"Win","N","Leon Tan",347,111,5,89,399.875,458,360,500089,3,8,12
"283","Ananto Widodo",8,419,36,37,"N",1,"Win","N","Sharon Chia",295,124,2,-172,341.5,419,150,199828,4,1,36
"284","Andri Prasetyo",8,332,31,38,"N",0,"Lose","N","Nicholas Hong",450,-118,2,-893,298.625,402,150,199107,4,2,38
"285","Andy Kurnia",8,402,29,6,"N",1,"Win","N","Elizabeth Wok",398,4,4.5,-258,393.125,482,292,449742,2,2,15
"286","Arul Inthirarajah",8,412,33,30,"N",1,"Win","N","Shahrul Kamal",407,5,4,-38,381.125,498,199,399962,4,3,21
"287","Cheah Siu Hean",8,455,16,7,"N",1,"Win","N","Gabriel Cheang",404,51,5,665,465.125,617,373,500665,2,3,7
"288","Chew Han Ei",8,362,21,23,"N",0,"Lose","N","Karen Richards",495,-133,4,-177,399.5,448,307,399823,2,3,24
"289","Dianne Ward",8,363,24,22,"N",0,"Lose","N","Neo Wei Sheng",484,-121,3,-240,392.75,496,288,299760,2,3,32
"290","Elizabeth Wok",8,398,6,29,"N",0,"Lose","N","Andy Kurnia",402,-4,4,-219,364.625,408,299,399781,2,3,25
"291","Gabriel Cheang",8,404,7,16,"N",0,"Lose","N","Cheah Siu Hean",455,-51,4,301,430.875,505,355,400301,2,2,17
"292","Gan Yi En",8,354,34,13,"N",0,"Lose","N","Mary Morgan",427,-73,3,-45,421.75,517,354,299955,3,2,30
"293","Goh Jiang Pern",8,508,39,14,"N",1,"Win","N","Muhd Fari Husada",320,188,3,-16,389.625,508,257,299984,4,2,28
"294","Hubert Wee",8,409,20,3,"N",0,"Lose","N","Lee Cheong Cheng",422,-13,6,277,439.75,518,393,600277,2,4,5
"295","J Goutham",8,388,12,9,"N",0,"Lose","N","Ron Baginski",522,-134,5,99,425.125,536,344,500099,2,6,11
"296","Jeremy Khoo",8,417,10,15,"N",0,"Lose","N","Yong Jian Rong",489,-72,4,285,406.625,488,331,400285,3,2,18
"297","Jessie Lim",8,321,35,28,"N",0,"Lose","N","Theng Wai Mun",387,-66,3,-345,368.75,526,274,299655,2,2,35
"298","K Dorai Raja",8,441,11,27,"N",0,"Lose","N","Ricky Purnomo",505,-64,3,25,432,563,340,300025,6,4,27
"299","Karen Richards",8,495,23,21,"N",1,"Win","N","Chew Han Ei",362,133,5,-45,391.875,495,321,499955,2,3,13
"300","Lee Cheong Cheng",8,422,3,20,"N",1,"Win","N","Hubert Wee",409,13,7,249,394.25,499,150,700249,4,6,2
"301","Leon Tan",8,347,17,25,"N",0,"Lose","N","Alex Tan",458,-111,4,-118,409.125,498,285,399882,3,3,23
"302","Marlon Prudencio",8,470,8,5,"N",1,"Win","N","Yeo Kian Hung",355,115,7,418,455.125,518,366,700418,3,5,1
"303","Mary Morgan",8,427,13,34,"N",1,"Win","N","Gan Yi En",354,73,4,34,356,491,150,400034,5,4,19
"304","Muhd Fari Husada",8,320,14,39,"N",0,"Lose","N","Goh Jiang Pern",508,-188,2,-380,360.625,449,263,199620,4,1,37
"305","Neo Wei Sheng",8,484,22,24,"N",1,"Win","N","Dianne Ward",363,121,4,9,416.625,484,357,400009,3,3,20
"306","Nicholas Hong",8,450,38,31,"N",1,"Win","N","Andri Prasetyo",332,118,3,-213,388.25,450,321,299787,3,2,31
"307","Nigel Richards",8,502,26,1,"N",1,"Win","N","Tengku Asri",331,171,5,649,463.75,578,329,500649,2,7,8
"308","Poh Ying Ming",8,150,40,19,"Y",1,"Win","N","Zz Bye",100,50,3,-340,345.375,439,150,299660,3,5,34
"309","Ricky Purnomo",8,505,27,11,"N",1,"Win","N","K Dorai Raja",441,64,4,307,408.125,593,150,400307,2,4,16
"310","Ron Baginski",8,522,9,12,"N",1,"Win","N","J Goutham",388,134,6,277,452,522,401,600277,2,5,5
"311","Shahrul Kamal",8,407,30,33,"N",0,"Lose","N","Arul Inthirarajah",412,-5,3,-31,394.5,558,280,299969,3,2,29
"312","Sharon Chia",8,295,37,36,"N",0,"Lose","N","Ananto Widodo",419,-124,1,-791,278.875,337,150,99209,6,3,39
"313","Tan Mun Ri",8,341,18,32,"N",0,"Lose","N","Tay Jing En",442,-101,3,-259,368,464,291,299741,3,3,33
"314","Tay Jing En",8,442,32,18,"N",1,"Win","N","Tan Mun Ri",341,101,4,-81,401.375,442,320,399919,6,3,22
"315","Tengku Asri",8,331,1,26,"N",0,"Lose","N","Nigel Richards",502,-171,4.5,-85,401,486,302,449915,3,2,14
"316","Theng Wai Mun",8,387,28,35,"N",1,"Win","N","Jessie Lim",321,66,4,-413,298.625,387,150,399587,3,3,26
"317","Tony Sim",8,370,2,4,"N",0,"Lose","N","Alastair Richards",501,-131,5,251,458,587,370,500251,3,4,10
"318","Yeo Kian Hung",8,355,5,8,"N",0,"Lose","N","Marlon Prudencio",470,-115,6,568,442,556,355,600568,2,3,4
"319","Yong Jian Rong",8,489,15,10,"N",1,"Win","N","Jeremy Khoo",417,72,5,294,433.5,543,263,500294,1,3,9
"320","Zz Bye",8,100,19,40,"Y",0,"Lose","N","Poh Ying Ming",150,-50,0,-400,100,100,100,-400,16,-Inf,40
"321","Alastair Richards",9,396,5,2,"N",0,"Lose","N","Marlon Prudencio",500,-104,6,658,466.777777777778,511,351,600658,2,3,6
"322","Alex Tan",9,434,9,17,"N",1,"Win","N","J Goutham",363,71,6,160,403.666666666667,458,360,600160,3,8,9
"323","Ananto Widodo",9,363,19,37,"N",0,"Lose","N","Poh Ying Ming",449,-86,2,-258,343.888888888889,419,150,199742,4,1,38
"324","Andri Prasetyo",9,422,36,38,"N",1,"Win","N","Sharon Chia",307,115,3,-778,312.333333333333,422,150,299222,4,2,37
"325","Andy Kurnia",9,346,11,6,"N",0,"Lose","N","Ricky Purnomo",509,-163,4.5,-421,387.888888888889,482,292,449579,2,2,21
"326","Arul Inthirarajah",9,352,18,30,"N",0,"Lose","N","Tay Jing En",452,-100,4,-138,377.888888888889,498,199,399862,4,3,27
"327","Cheah Siu Hean",9,400,1,7,"N",0,"Lose","N","Nigel Richards",413,-13,5,652,457.888888888889,617,373,500652,2,3,11
"328","Chew Han Ei",9,456,35,23,"N",1,"Win","N","Theng Wai Mun",297,159,5,-18,405.777777777778,456,307,499982,2,3,18
"329","Dianne Ward",9,480,28,22,"N",1,"Win","N","Jessie Lim",329,151,4,-89,402.444444444444,496,288,399911,2,3,25
"330","Elizabeth Wok",9,441,25,29,"N",1,"Win","N","Leon Tan",425,16,5,-203,373.111111111111,441,299,499797,2,3,19
"331","Gabriel Cheang",9,517,15,16,"N",1,"Win","N","Jeremy Khoo",306,211,5,512,440.444444444444,517,355,500512,2,2,12
"332","Gan Yi En",9,396,32,13,"N",0,"Lose","N","Tan Mun Ri",407,-11,3,-56,418.888888888889,517,354,299944,3,2,33
"333","Goh Jiang Pern",9,611,27,14,"N",1,"Win","N","K Dorai Raja",329,282,4,266,414.222222222222,611,257,400266,4,2,22
"334","Hubert Wee",9,324,8,3,"N",0,"Lose","N","Yeo Kian Hung",364,-40,6,237,426.888888888889,518,324,600237,2,4,8
"335","J Goutham",9,363,17,9,"N",0,"Lose","N","Alex Tan",434,-71,5,28,418.222222222222,536,344,500028,2,6,16
"336","Jeremy Khoo",9,306,16,15,"N",0,"Lose","N","Gabriel Cheang",517,-211,4,74,395.444444444444,488,306,400074,3,2,23
"337","Jessie Lim",9,329,22,28,"N",0,"Lose","N","Dianne Ward",480,-151,3,-496,364.333333333333,526,274,299504,2,2,36
"338","K Dorai Raja",9,329,14,27,"N",0,"Lose","N","Goh Jiang Pern",611,-282,3,-257,420.555555555556,563,329,299743,6,4,34
"339","Karen Richards",9,418,26,21,"N",1,"Win","N","Tengku Asri",322,96,6,51,394.777777777778,495,321,600051,2,3,10
"340","Lee Cheong Cheng",9,432,12,20,"N",0,"Lose","N","Ron Baginski",500,-68,7,181,398.444444444444,499,150,700181,4,6,4
"341","Leon Tan",9,425,29,25,"N",0,"Lose","N","Elizabeth Wok",441,-16,4,-134,410.888888888889,498,285,399866,3,3,26
"342","Marlon Prudencio",9,500,2,5,"N",1,"Win","N","Alastair Richards",396,104,8,522,460.111111111111,518,366,800522,3,5,1
"343","Mary Morgan",9,451,24,34,"N",1,"Win","N","Neo Wei Sheng",449,2,5,36,366.555555555556,491,150,500036,5,4,15
"344","Muhd Fari Husada",9,150,40,39,"Y",1,"Win","N","Zz Bye",100,50,3,-330,337.222222222222,449,150,299670,4,1,35
"345","Neo Wei Sheng",9,449,34,24,"N",0,"Lose","N","Mary Morgan",451,-2,4,7,420.222222222222,484,357,400007,3,3,24
"346","Nicholas Hong",9,432,33,31,"N",1,"Win","N","Shahrul Kamal",425,7,4,-206,393.111111111111,450,321,399794,3,2,28
"347","Nigel Richards",9,413,7,1,"N",1,"Win","N","Cheah Siu Hean",400,13,6,662,458.111111111111,578,329,600662,2,7,5
"348","Poh Ying Ming",9,449,37,19,"N",1,"Win","N","Ananto Widodo",363,86,4,-254,356.888888888889,449,150,399746,3,5,30
"349","Ricky Purnomo",9,509,6,11,"N",1,"Win","N","Andy Kurnia",346,163,5,470,419.333333333333,593,150,500470,2,4,13
"350","Ron Baginski",9,500,20,12,"N",1,"Win","N","Lee Cheong Cheng",432,68,7,345,457.333333333333,522,401,700345,2,5,3
"351","Shahrul Kamal",9,425,31,33,"N",0,"Lose","N","Nicholas Hong",432,-7,3,-38,397.888888888889,558,280,299962,3,2,32
"352","Sharon Chia",9,307,38,36,"N",0,"Lose","N","Andri Prasetyo",422,-115,1,-906,282,337,150,99094,6,3,39
"353","Tan Mun Ri",9,407,13,32,"N",1,"Win","N","Gan Yi En",396,11,4,-248,372.333333333333,464,291,399752,3,3,29
"354","Tay Jing En",9,452,30,18,"N",1,"Win","N","Arul Inthirarajah",352,100,5,19,407,452,320,500019,6,3,17
"355","Tengku Asri",9,322,21,26,"N",0,"Lose","N","Karen Richards",418,-96,4.5,-181,392.222222222222,486,302,449819,3,2,20
"356","Theng Wai Mun",9,297,23,35,"N",0,"Lose","N","Chew Han Ei",456,-159,4,-572,298.444444444444,387,150,399428,3,3,31
"357","Tony Sim",9,451,10,4,"N",0,"Lose","N","Yong Jian Rong",536,-85,5,166,457.222222222222,587,370,500166,3,4,14
"358","Yeo Kian Hung",9,364,3,8,"N",1,"Win","N","Hubert Wee",324,40,7,608,433.333333333333,556,355,700608,2,3,2
"359","Yong Jian Rong",9,536,4,10,"N",1,"Win","N","Tony Sim",451,85,6,379,444.888888888889,543,263,600379,1,3,7
"360","Zz Bye",9,100,39,40,"Y",0,"Lose","N","Muhd Fari Husada",150,-50,0,-450,100,100,100,-450,16,-Inf,40
"361","Alastair Richards",10,475,20,2,"N",1,"Win","N","Lee Cheong Cheng",371,104,7,762,467.6,511,351,700762,2,3,3
"362","Alex Tan",10,413,21,17,"N",1,"Win","N","Karen Richards",314,99,7,259,404.6,458,360,700259,3,8,7
"363","Ananto Widodo",10,332,38,37,"N",0,"Lose","N","Andri Prasetyo",415,-83,2,-341,342.7,419,150,199659,4,1,38
"364","Andri Prasetyo",10,415,37,38,"N",1,"Win","N","Ananto Widodo",332,83,4,-695,322.6,422,150,399305,4,2,36
"365","Andy Kurnia",10,481,24,6,"N",1,"Win","N","Neo Wei Sheng",355,126,5.5,-295,397.2,482,292,549705,2,2,17
"366","Arul Inthirarajah",10,507,31,30,"N",1,"Win","N","Nicholas Hong",297,210,5,72,390.8,507,199,500072,4,3,20
"367","Cheah Siu Hean",10,562,11,7,"N",1,"Win","N","Ricky Purnomo",339,223,6,875,468.3,617,373,600875,2,3,9
"368","Chew Han Ei",10,374,18,23,"N",0,"Lose","N","Tay Jing En",498,-124,5,-142,402.6,456,307,499858,2,3,24
"369","Dianne Ward",10,419,25,22,"N",1,"Win","N","Leon Tan",410,9,5,-80,404.1,496,288,499920,2,3,23
"370","Elizabeth Wok",10,507,14,29,"N",1,"Win","N","Goh Jiang Pern",335,172,6,-31,386.5,507,299,599969,2,3,14
"371","Gabriel Cheang",10,412,4,16,"N",0,"Lose","N","Tony Sim",434,-22,5,490,437.6,517,355,500490,2,2,18
"372","Gan Yi En",10,604,39,13,"N",1,"Win","N","Muhd Fari Husada",208,396,4,340,437.4,604,354,400340,3,2,25
"373","Goh Jiang Pern",10,335,29,14,"N",0,"Lose","N","Elizabeth Wok",507,-172,4,94,406.3,611,257,400094,4,2,26
"374","Hubert Wee",10,448,10,3,"N",1,"Win","N","Yong Jian Rong",365,83,7,320,429,518,324,700320,2,4,5
"375","J Goutham",10,409,34,9,"N",1,"Win","N","Mary Morgan",348,61,6,89,417.3,536,344,600089,2,6,13
"376","Jeremy Khoo",10,371,26,15,"N",0,"Lose","N","Tengku Asri",428,-57,4,17,393,488,306,400017,3,2,28
"377","Jessie Lim",10,150,40,28,"Y",1,"Win","N","Zz Bye",100,50,4,-446,342.9,526,150,399554,2,2,33
"378","K Dorai Raja",10,460,36,27,"N",1,"Win","N","Sharon Chia",270,190,4,-67,424.5,563,329,399933,6,4,29
"379","Karen Richards",10,314,17,21,"N",0,"Lose","N","Alex Tan",413,-99,6,-48,386.7,495,314,599952,2,3,15
"380","Lee Cheong Cheng",10,371,2,20,"N",0,"Lose","N","Alastair Richards",475,-104,7,77,395.7,499,150,700077,4,6,8
"381","Leon Tan",10,410,22,25,"N",0,"Lose","N","Dianne Ward",419,-9,4,-143,410.8,498,285,399857,3,3,31
"382","Marlon Prudencio",10,402,12,5,"N",1,"Win","N","Ron Baginski",349,53,9,575,454.3,518,366,900575,3,5,1
"383","Mary Morgan",10,348,9,34,"N",0,"Lose","N","J Goutham",409,-61,5,-25,364.7,491,150,499975,5,4,22
"384","Muhd Fari Husada",10,208,13,39,"N",0,"Lose","N","Gan Yi En",604,-396,3,-726,324.3,449,150,299274,4,1,37
"385","Neo Wei Sheng",10,355,6,24,"N",0,"Lose","N","Andy Kurnia",481,-126,4,-119,413.7,484,355,399881,3,3,30
"386","Nicholas Hong",10,297,30,31,"N",0,"Lose","N","Arul Inthirarajah",507,-210,4,-416,383.5,450,297,399584,3,2,32
"387","Nigel Richards",10,449,8,1,"N",1,"Win","N","Yeo Kian Hung",299,150,7,812,457.2,578,329,700812,2,7,2
"388","Poh Ying Ming",10,570,32,19,"N",1,"Win","N","Tan Mun Ri",261,309,5,55,378.2,570,150,500055,3,5,21
"389","Ricky Purnomo",10,339,7,11,"N",0,"Lose","N","Cheah Siu Hean",562,-223,5,247,411.3,593,150,500247,2,4,19
"390","Ron Baginski",10,349,5,12,"N",0,"Lose","N","Marlon Prudencio",402,-53,7,292,446.5,522,349,700292,2,5,6
"391","Shahrul Kamal",10,436,35,33,"N",1,"Win","N","Theng Wai Mun",339,97,4,59,401.7,558,280,400059,3,2,27
"392","Sharon Chia",10,270,27,36,"N",0,"Lose","N","K Dorai Raja",460,-190,1,-1096,280.8,337,150,98904,6,3,39
"393","Tan Mun Ri",10,261,19,32,"N",0,"Lose","N","Poh Ying Ming",570,-309,4,-557,361.2,464,261,399443,3,3,34
"394","Tay Jing En",10,498,23,18,"N",1,"Win","N","Chew Han Ei",374,124,6,143,416.1,498,320,600143,6,3,12
"395","Tengku Asri",10,428,15,26,"N",1,"Win","N","Jeremy Khoo",371,57,5.5,-124,395.8,486,302,549876,3,2,16
"396","Theng Wai Mun",10,339,33,35,"N",0,"Lose","N","Shahrul Kamal",436,-97,4,-669,302.5,387,150,399331,3,3,35
"397","Tony Sim",10,434,16,4,"N",1,"Win","N","Gabriel Cheang",412,22,6,188,454.9,587,370,600188,3,4,11
"398","Yeo Kian Hung",10,299,1,8,"N",0,"Lose","N","Nigel Richards",449,-150,7,458,419.9,556,299,700458,2,3,4
"399","Yong Jian Rong",10,365,3,10,"N",0,"Lose","N","Hubert Wee",448,-83,6,296,436.9,543,263,600296,1,3,10
"400","Zz Bye",10,100,28,40,"Y",0,"Lose","N","Jessie Lim",150,-50,0,-500,100,100,100,-500,16,-Inf,40
"401","Alastair Richards",11,482,3,2,"N",1,"Win","N","Hubert Wee",344,138,8,900,468.909090909091,511,351,800900,2,3,2
"402","Alex Tan",11,493,20,17,"N",1,"Win","N","Lee Cheong Cheng",447,46,8,305,412.636363636364,493,360,800305,3,8,5
"403","Ananto Widodo",11,411,39,37,"N",1,"Win","N","Muhd Fari Husada",408,3,3,-338,348.909090909091,419,150,299662,4,1,37
"404","Andri Prasetyo",11,297,32,38,"N",0,"Lose","N","Tan Mun Ri",457,-160,4,-855,320.272727272727,422,150,399145,4,2,36
"405","Andy Kurnia",11,512,16,6,"N",1,"Win","N","Gabriel Cheang",321,191,6.5,-104,407.636363636364,512,292,649896,2,2,13
"406","Arul Inthirarajah",11,459,11,30,"N",0,"Lose","N","Ricky Purnomo",461,-2,5,70,397,507,199,500070,4,3,24
"407","Cheah Siu Hean",11,442,10,7,"N",0,"Lose","N","Yong Jian Rong",481,-39,6,836,465.909090909091,617,373,600836,2,3,14
"408","Chew Han Ei",11,416,22,23,"N",1,"Win","N","Dianne Ward",382,34,6,-108,403.818181818182,456,307,599892,2,3,19
"409","Dianne Ward",11,382,23,22,"N",0,"Lose","N","Chew Han Ei",416,-34,5,-114,402.090909090909,496,288,499886,2,3,27
"410","Elizabeth Wok",11,357,21,29,"N",0,"Lose","N","Karen Richards",430,-73,6,-104,383.818181818182,507,299,599896,2,3,18
"411","Gabriel Cheang",11,321,6,16,"N",0,"Lose","N","Andy Kurnia",512,-191,5,299,427,517,321,500299,2,2,21
"412","Gan Yi En",11,305,14,13,"N",0,"Lose","N","Goh Jiang Pern",419,-114,4,226,425.363636363636,604,305,400226,3,2,31
"413","Goh Jiang Pern",11,419,13,14,"N",1,"Win","N","Gan Yi En",305,114,5,208,407.454545454545,611,257,500208,4,2,22
"414","Hubert Wee",11,344,2,3,"N",0,"Lose","N","Alastair Richards",482,-138,7,182,421.272727272727,518,324,700182,2,4,9
"415","J Goutham",11,395,26,9,"N",1,"Win","N","Tengku Asri",334,61,7,150,415.272727272727,536,344,700150,2,6,10
"416","Jeremy Khoo",11,488,33,15,"N",1,"Win","N","Shahrul Kamal",419,69,5,86,401.636363636364,488,306,500086,3,2,23
"417","Jessie Lim",11,304,36,28,"N",0,"Lose","N","Sharon Chia",413,-109,4,-555,339.363636363636,526,150,399445,2,2,34
"418","K Dorai Raja",11,521,24,27,"N",1,"Win","N","Neo Wei Sheng",412,109,5,42,433.272727272727,563,329,500042,6,4,25
"419","Karen Richards",11,430,29,21,"N",1,"Win","N","Elizabeth Wok",357,73,7,25,390.636363636364,495,314,700025,2,3,12
"420","Lee Cheong Cheng",11,447,17,20,"N",0,"Lose","N","Alex Tan",493,-46,7,31,400.363636363636,499,150,700031,4,6,11
"421","Leon Tan",11,371,35,25,"N",1,"Win","N","Theng Wai Mun",351,20,5,-123,407.181818181818,498,285,499877,3,3,28
"422","Marlon Prudencio",11,409,1,5,"N",0,"Lose","N","Nigel Richards",434,-25,9,550,450.181818181818,518,366,900550,3,5,1
"423","Mary Morgan",11,357,19,34,"N",0,"Lose","N","Poh Ying Ming",407,-50,5,-75,364,491,150,499925,5,4,26
"424","Muhd Fari Husada",11,408,37,39,"N",0,"Lose","N","Ananto Widodo",411,-3,3,-729,331.909090909091,449,150,299271,4,1,38
"425","Neo Wei Sheng",11,412,27,24,"N",0,"Lose","N","K Dorai Raja",521,-109,4,-228,413.545454545455,484,355,399772,3,3,33
"426","Nicholas Hong",11,150,40,31,"Y",1,"Win","N","Zz Bye",100,50,5,-366,362.272727272727,450,150,499634,3,2,29
"427","Nigel Richards",11,434,5,1,"N",1,"Win","N","Marlon Prudencio",409,25,8,837,455.090909090909,578,329,800837,2,7,3
"428","Poh Ying Ming",11,407,34,19,"N",1,"Win","N","Mary Morgan",357,50,6,105,380.818181818182,570,150,600105,3,5,16
"429","Ricky Purnomo",11,461,30,11,"N",1,"Win","N","Arul Inthirarajah",459,2,6,249,415.818181818182,593,150,600249,2,4,15
"430","Ron Baginski",11,392,8,12,"N",0,"Lose","N","Yeo Kian Hung",418,-26,7,266,441.545454545455,522,349,700266,2,5,8
"431","Shahrul Kamal",11,419,15,33,"N",0,"Lose","N","Jeremy Khoo",488,-69,4,-10,403.272727272727,558,280,399990,3,2,32
"432","Sharon Chia",11,413,28,36,"N",1,"Win","N","Jessie Lim",304,109,2,-987,292.818181818182,413,150,199013,6,3,39
"433","Tan Mun Ri",11,457,38,32,"N",1,"Win","N","Andri Prasetyo",297,160,5,-397,369.909090909091,464,261,499603,3,3,30
"434","Tay Jing En",11,393,4,18,"N",0,"Lose","N","Tony Sim",514,-121,6,22,414,498,320,600022,6,3,17
"435","Tengku Asri",11,334,9,26,"N",0,"Lose","N","J Goutham",395,-61,5.5,-185,390.181818181818,486,302,549815,3,2,20
"436","Theng Wai Mun",11,351,25,35,"N",0,"Lose","N","Leon Tan",371,-20,4,-689,306.909090909091,387,150,399311,3,3,35
"437","Tony Sim",11,514,18,4,"N",1,"Win","N","Tay Jing En",393,121,7,309,460.272727272727,587,370,700309,3,4,7
"438","Yeo Kian Hung",11,418,12,8,"N",1,"Win","N","Ron Baginski",392,26,8,484,419.727272727273,556,299,800484,2,3,4
"439","Yong Jian Rong",11,481,7,10,"N",1,"Win","N","Cheah Siu Hean",442,39,7,335,440.909090909091,543,263,700335,1,3,6
"440","Zz Bye",11,100,31,40,"Y",0,"Lose","N","Nicholas Hong",150,-50,0,-550,100,100,100,-550,16,-Inf,40
"441","Alastair Richards",12,599,10,2,"N",1,"Win","N","Yong Jian Rong",462,137,9,1037,479.75,599,351,901037,2,3,1
"442","Alex Tan",12,478,5,17,"N",1,"Win","N","Marlon Prudencio",389,89,9,394,418.083333333333,493,360,900394,3,8,4
"443","Ananto Widodo",12,398,32,37,"N",0,"Lose","N","Tan Mun Ri",446,-48,3,-386,353,419,150,299614,4,1,37
"444","Andri Prasetyo",12,347,13,38,"N",0,"Lose","N","Gan Yi En",507,-160,4,-1015,322.5,422,150,398985,4,2,36
"445","Andy Kurnia",12,389,12,6,"N",0,"Lose","N","Ron Baginski",442,-53,6.5,-157,406.083333333333,512,292,649843,2,2,17
"446","Arul Inthirarajah",12,358,27,30,"N",0,"Lose","N","K Dorai Raja",418,-60,5,10,393.75,507,199,500010,4,3,29
"447","Cheah Siu Hean",12,485,20,7,"N",1,"Win","N","Lee Cheong Cheng",371,114,7,950,467.5,617,373,700950,2,3,9
"448","Chew Han Ei",12,370,26,23,"N",0,"Lose","N","Tengku Asri",452,-82,6,-190,401,456,307,599810,2,3,22
"449","Dianne Ward",12,491,31,22,"N",1,"Win","N","Nicholas Hong",339,152,6,38,409.5,496,288,600038,2,3,21
"450","Elizabeth Wok",12,340,19,29,"N",0,"Lose","N","Poh Ying Ming",487,-147,6,-251,380.166666666667,507,299,599749,2,3,24
"451","Gabriel Cheang",12,484,14,16,"N",1,"Win","N","Goh Jiang Pern",333,151,6,450,431.75,517,321,600450,2,2,18
"452","Gan Yi En",12,507,38,13,"N",1,"Win","N","Andri Prasetyo",347,160,5,386,432.166666666667,604,305,500386,3,2,26
"453","Goh Jiang Pern",12,333,16,14,"N",0,"Lose","N","Gabriel Cheang",484,-151,5,57,401.25,611,257,500057,4,2,27
"454","Hubert Wee",12,413,21,3,"N",1,"Win","N","Karen Richards",346,67,8,249,420.583333333333,518,324,800249,2,4,8
"455","J Goutham",12,500,8,9,"N",1,"Win","N","Yeo Kian Hung",362,138,8,288,422.333333333333,536,344,800288,2,6,7
"456","Jeremy Khoo",12,473,34,15,"N",1,"Win","N","Mary Morgan",279,194,6,280,407.583333333333,488,306,600280,3,2,19
"457","Jessie Lim",12,405,25,28,"N",1,"Win","N","Leon Tan",375,30,5,-525,344.833333333333,526,150,499475,2,2,34
"458","K Dorai Raja",12,418,30,27,"N",1,"Win","N","Arul Inthirarajah",358,60,6,102,432,563,329,600102,6,4,20
"459","Karen Richards",12,346,3,21,"N",0,"Lose","N","Hubert Wee",413,-67,7,-42,386.916666666667,495,314,699958,2,3,14
"460","Lee Cheong Cheng",12,371,7,20,"N",0,"Lose","N","Cheah Siu Hean",485,-114,7,-83,397.916666666667,499,150,699917,4,6,15
"461","Leon Tan",12,375,28,25,"N",0,"Lose","N","Jessie Lim",405,-30,5,-153,404.5,498,285,499847,3,3,31
"462","Marlon Prudencio",12,389,17,5,"N",0,"Lose","N","Alex Tan",478,-89,9,461,445.083333333333,518,366,900461,3,5,3
"463","Mary Morgan",12,279,15,34,"N",0,"Lose","N","Jeremy Khoo",473,-194,5,-269,356.916666666667,491,150,499731,5,4,32
"464","Muhd Fari Husada",12,319,35,39,"N",0,"Lose","N","Theng Wai Mun",387,-68,3,-797,330.833333333333,449,150,299203,4,1,38
"465","Neo Wei Sheng",12,452,36,24,"N",1,"Win","N","Sharon Chia",345,107,5,-121,416.75,484,355,499879,3,3,30
"466","Nicholas Hong",12,339,22,31,"N",0,"Lose","N","Dianne Ward",491,-152,5,-518,360.333333333333,450,150,499482,3,2,33
"467","Nigel Richards",12,495,4,1,"N",1,"Win","N","Tony Sim",396,99,9,936,458.416666666667,578,329,900936,2,7,2
"468","Poh Ying Ming",12,487,29,19,"N",1,"Win","N","Elizabeth Wok",340,147,7,252,389.666666666667,570,150,700252,3,5,11
"469","Ricky Purnomo",12,562,18,11,"N",1,"Win","N","Tay Jing En",316,246,7,495,428,593,150,700495,2,4,10
"470","Ron Baginski",12,442,6,12,"N",1,"Win","N","Andy Kurnia",389,53,8,319,441.583333333333,522,349,800319,2,5,6
"471","Shahrul Kamal",12,150,40,33,"Y",1,"Win","N","Zz Bye",100,50,5,40,382.166666666667,558,150,500040,3,2,28
"472","Sharon Chia",12,345,24,36,"N",0,"Lose","N","Neo Wei Sheng",452,-107,2,-1094,297.166666666667,413,150,198906,6,3,39
"473","Tan Mun Ri",12,446,37,32,"N",1,"Win","N","Ananto Widodo",398,48,6,-349,376.25,464,261,599651,3,3,25
"474","Tay Jing En",12,316,11,18,"N",0,"Lose","N","Ricky Purnomo",562,-246,6,-224,405.833333333333,498,316,599776,6,3,23
"475","Tengku Asri",12,452,23,26,"N",1,"Win","N","Chew Han Ei",370,82,6.5,-103,395.333333333333,486,302,649897,3,2,16
"476","Theng Wai Mun",12,387,39,35,"N",1,"Win","N","Muhd Fari Husada",319,68,5,-621,313.583333333333,387,150,499379,3,3,35
"477","Tony Sim",12,396,1,4,"N",0,"Lose","N","Nigel Richards",495,-99,7,210,454.916666666667,587,370,700210,3,4,12
"478","Yeo Kian Hung",12,362,9,8,"N",0,"Lose","N","J Goutham",500,-138,8,346,414.916666666667,556,299,800346,2,3,5
"479","Yong Jian Rong",12,462,2,10,"N",0,"Lose","N","Alastair Richards",599,-137,7,198,442.666666666667,543,263,700198,1,3,13
"480","Zz Bye",12,100,33,40,"Y",0,"Lose","N","Shahrul Kamal",150,-50,0,-600,100,100,100,-600,16,-Inf,40
"481","Alastair Richards",13,428,1,2,"N",0,"Lose","N","Nigel Richards",599,-171,9,866,475.769230769231,599,351,900866,2,3,3
"482","Alex Tan",13,374,5,17,"N",0,"Lose","N","Marlon Prudencio",417,-43,9,351,414.692307692308,493,360,900351,3,8,6
"483","Ananto Widodo",13,356,39,37,"N",0,"Lose","N","Muhd Fari Husada",376,-20,3,-406,353.230769230769,419,150,299594,4,1,38
"484","Andri Prasetyo",13,278,35,38,"N",0,"Lose","N","Theng Wai Mun",533,-255,4,-1270,319.076923076923,422,150,398730,4,2,37
"485","Andy Kurnia",13,503,16,6,"N",1,"Win","N","Gabriel Cheang",475,28,7.5,-129,413.538461538462,512,292,749871,2,2,13
"486","Arul Inthirarajah",13,452,24,30,"N",0,"Lose","N","Neo Wei Sheng",484,-32,5,-22,398.230769230769,507,199,499978,4,3,32
"487","Cheah Siu Hean",13,440,11,7,"N",0,"Lose","N","Ricky Purnomo",455,-15,7,935,465.384615384615,617,373,700935,2,3,14
"488","Chew Han Ei",13,326,22,23,"N",0,"Lose","N","Dianne Ward",405,-79,6,-269,395.230769230769,456,307,599731,2,3,27
"489","Dianne Ward",13,405,23,22,"N",1,"Win","N","Chew Han Ei",326,79,7,117,409.153846153846,496,288,700117,2,3,17
"490","Elizabeth Wok",13,469,18,29,"N",1,"Win","N","Tay Jing En",407,62,7,-189,387,507,299,699811,2,3,18
"491","Gabriel Cheang",13,475,6,16,"N",0,"Lose","N","Andy Kurnia",503,-28,6,422,435.076923076923,517,321,600422,2,2,22
"492","Gan Yi En",13,459,32,13,"N",1,"Win","N","Tan Mun Ri",333,126,6,512,434.230769230769,604,305,600512,3,2,21
"493","Goh Jiang Pern",13,340,33,14,"N",0,"Lose","N","Shahrul Kamal",500,-160,5,-103,396.538461538462,611,257,499897,4,2,33
"494","Hubert Wee",13,322,9,3,"N",0,"Lose","N","J Goutham",458,-136,8,113,413,518,322,800113,2,4,11
"495","J Goutham",13,458,3,9,"N",1,"Win","N","Hubert Wee",322,136,9,424,425.076923076923,536,344,900424,2,6,4
"496","Jeremy Khoo",13,360,27,15,"N",0,"Lose","N","K Dorai Raja",465,-105,6,175,403.923076923077,488,306,600175,3,2,24
"497","Jessie Lim",13,395,31,28,"N",1,"Win","N","Nicholas Hong",364,31,6,-494,348.692307692308,526,150,599506,2,2,31
"498","K Dorai Raja",13,465,15,27,"N",1,"Win","N","Jeremy Khoo",360,105,7,207,434.538461538462,563,329,700207,6,4,16
"499","Karen Richards",13,356,10,21,"N",0,"Lose","N","Yong Jian Rong",536,-180,7,-222,384.538461538462,495,314,699778,2,3,19
"500","Lee Cheong Cheng",13,488,26,20,"N",1,"Win","N","Tengku Asri",362,126,8,43,404.846153846154,499,150,800043,4,6,12
"501","Leon Tan",13,424,34,25,"N",1,"Win","N","Mary Morgan",336,88,6,-65,406,498,285,599935,3,3,25
"502","Marlon Prudencio",13,417,17,5,"N",1,"Win","N","Alex Tan",374,43,10,504,442.923076923077,518,366,1000504,3,5,2
"503","Mary Morgan",13,336,25,34,"N",0,"Lose","N","Leon Tan",424,-88,5,-357,355.307692307692,491,150,499643,5,4,34
"504","Muhd Fari Husada",13,376,37,39,"N",1,"Win","N","Ananto Widodo",356,20,4,-777,334.307692307692,449,150,399223,4,1,36
"505","Neo Wei Sheng",13,484,30,24,"N",1,"Win","N","Arul Inthirarajah",452,32,6,-89,421.923076923077,484,355,599911,3,3,26
"506","Nicholas Hong",13,364,28,31,"N",0,"Lose","N","Jessie Lim",395,-31,5,-549,360.615384615385,450,150,499451,3,2,35
"507","Nigel Richards",13,599,2,1,"N",1,"Win","N","Alastair Richards",428,171,10,1107,469.230769230769,599,329,1001107,2,7,1
"508","Poh Ying Ming",13,447,4,19,"N",0,"Lose","N","Tony Sim",454,-7,7,245,394.076923076923,570,150,700245,3,5,15
"509","Ricky Purnomo",13,455,7,11,"N",1,"Win","N","Cheah Siu Hean",440,15,8,510,430.076923076923,593,150,800510,2,4,7
"510","Ron Baginski",13,454,8,12,"N",1,"Win","N","Yeo Kian Hung",389,65,9,384,442.538461538462,522,349,900384,2,5,5
"511","Shahrul Kamal",13,500,14,33,"N",1,"Win","N","Goh Jiang Pern",340,160,6,200,391.230769230769,558,150,600200,3,2,23
"512","Sharon Chia",13,150,40,36,"Y",1,"Win","N","Zz Bye",100,50,3,-1044,285.846153846154,413,150,298956,6,3,39
"513","Tan Mun Ri",13,333,13,32,"N",0,"Lose","N","Gan Yi En",459,-126,6,-475,372.923076923077,464,261,599525,3,3,30
"514","Tay Jing En",13,407,29,18,"N",0,"Lose","N","Elizabeth Wok",469,-62,6,-286,405.923076923077,498,316,599714,6,3,28
"515","Tengku Asri",13,362,20,26,"N",0,"Lose","N","Lee Cheong Cheng",488,-126,6.5,-229,392.769230769231,486,302,649771,3,2,20
"516","Theng Wai Mun",13,533,38,35,"N",1,"Win","N","Andri Prasetyo",278,255,6,-366,330.461538461538,533,150,599634,3,3,29
"517","Tony Sim",13,454,19,4,"N",1,"Win","N","Poh Ying Ming",447,7,8,217,454.846153846154,587,370,800217,3,4,10
"518","Yeo Kian Hung",13,389,12,8,"N",0,"Lose","N","Ron Baginski",454,-65,8,281,412.923076923077,556,299,800281,2,3,9
"519","Yong Jian Rong",13,536,21,10,"N",1,"Win","N","Karen Richards",356,180,8,378,449.846153846154,543,263,800378,1,3,8
"520","Zz Bye",13,100,36,40,"Y",0,"Lose","N","Sharon Chia",150,-50,0,-650,100,100,100,-650,16,-Inf,40
"521","Alastair Richards",14,376,9,2,"N",0,"Lose","N","J Goutham",449,-73,9,793,468.642857142857,599,351,900793,2,3,5
"522","Alex Tan",14,297,12,17,"N",0,"Lose","Y","Ron Baginski",508,-211,9,140,406.285714285714,493,297,900140,3,8,8
"523","Ananto Widodo",14,417,38,37,"N",1,"Win","N","Andri Prasetyo",312,105,4,-301,357.785714285714,419,150,399699,4,1,36
"524","Andri Prasetyo",14,312,37,38,"N",0,"Lose","Y","Ananto Widodo",417,-105,4,-1375,318.571428571429,422,150,398625,4,2,39
"525","Andy Kurnia",14,394,7,6,"N",0,"Lose","N","Cheah Siu Hean",410,-16,7.5,-145,412.142857142857,512,292,749855,2,2,17
"526","Arul Inthirarajah",14,525,28,30,"N",1,"Win","Y","Jessie Lim",437,88,6,66,407.285714285714,525,199,600066,4,3,28
"527","Cheah Siu Hean",14,410,6,7,"N",1,"Win","Y","Andy Kurnia",394,16,8,951,461.428571428571,617,373,800951,2,3,10
"528","Chew Han Ei",14,432,18,23,"N",1,"Win","Y","Tay Jing En",387,45,7,-224,397.857142857143,456,307,699776,2,3,22
"529","Dianne Ward",14,475,29,22,"N",1,"Win","N","Elizabeth Wok",379,96,8,213,413.857142857143,496,288,800213,2,3,12
"530","Elizabeth Wok",14,379,22,29,"N",0,"Lose","Y","Dianne Ward",475,-96,7,-285,386.428571428571,507,299,699715,2,3,23
"531","Gabriel Cheang",14,453,13,16,"N",1,"Win","Y","Gan Yi En",311,142,7,564,436.357142857143,517,321,700564,2,2,18
"532","Gan Yi En",14,311,16,13,"N",0,"Lose","N","Gabriel Cheang",453,-142,6,370,425.428571428571,604,305,600370,3,2,26
"533","Goh Jiang Pern",14,418,34,14,"N",1,"Win","N","Mary Morgan",350,68,6,-35,398.071428571429,611,257,599965,4,2,29
"534","Hubert Wee",14,403,20,3,"N",0,"Lose","N","Lee Cheong Cheng",450,-47,8,66,412.285714285714,518,322,800066,2,4,15
"535","J Goutham",14,449,2,9,"N",1,"Win","Y","Alastair Richards",376,73,10,497,426.785714285714,536,344,1000497,2,6,3
"536","Jeremy Khoo",14,488,33,15,"N",1,"Win","N","Shahrul Kamal",403,85,7,260,409.928571428571,488,306,700260,3,2,19
"537","Jessie Lim",14,437,30,28,"N",0,"Lose","N","Arul Inthirarajah",525,-88,6,-582,355,526,150,599418,2,2,34
"538","K Dorai Raja",14,362,19,27,"N",0,"Lose","Y","Poh Ying Ming",490,-128,7,79,429.357142857143,563,329,700079,6,4,20
"539","Karen Richards",14,436,26,21,"N",1,"Win","N","Tengku Asri",326,110,8,-112,388.214285714286,495,314,799888,2,3,16
"540","Lee Cheong Cheng",14,450,3,20,"N",1,"Win","Y","Hubert Wee",403,47,9,90,408.071428571429,499,150,900090,4,6,9
"541","Leon Tan",14,397,24,25,"N",0,"Lose","Y","Neo Wei Sheng",424,-27,6,-92,405.357142857143,498,285,599908,3,3,30
"542","Marlon Prudencio",14,400,1,5,"N",0,"Lose","Y","Nigel Richards",475,-75,10,429,439.857142857143,518,366,1000429,3,5,4
"543","Mary Morgan",14,350,14,34,"N",0,"Lose","Y","Goh Jiang Pern",418,-68,5,-425,354.928571428571,491,150,499575,5,4,35
"544","Muhd Fari Husada",14,345,31,39,"N",0,"Lose","Y","Nicholas Hong",435,-90,4,-867,335.071428571429,449,150,399133,4,1,37
"545","Neo Wei Sheng",14,424,25,24,"N",1,"Win","N","Leon Tan",397,27,7,-62,422.071428571429,484,355,699938,3,3,21
"546","Nicholas Hong",14,435,39,31,"N",1,"Win","N","Muhd Fari Husada",345,90,6,-459,365.928571428571,450,150,599541,3,2,32
"547","Nigel Richards",14,475,5,1,"N",1,"Win","N","Marlon Prudencio",400,75,11,1182,469.642857142857,599,329,1101182,2,7,1
"548","Poh Ying Ming",14,490,27,19,"N",1,"Win","N","K Dorai Raja",362,128,8,373,400.928571428571,570,150,800373,3,5,11
"549","Ricky Purnomo",14,509,10,11,"N",1,"Win","Y","Yong Jian Rong",280,229,9,739,435.714285714286,593,150,900739,2,4,6
"550","Ron Baginski",14,508,17,12,"N",1,"Win","N","Alex Tan",297,211,10,595,447.214285714286,522,349,1000595,2,5,2
"551","Shahrul Kamal",14,403,15,33,"N",0,"Lose","Y","Jeremy Khoo",488,-85,6,115,392.071428571429,558,150,600115,3,2,27
"552","Sharon Chia",14,150,40,36,"Y",1,"Win","N","Zz Bye",100,50,4,-994,276.142857142857,413,150,399006,6,3,38
"553","Tan Mun Ri",14,455,35,32,"N",1,"Win","N","Theng Wai Mun",304,151,7,-324,378.785714285714,464,261,699676,3,3,24
"554","Tay Jing En",14,387,23,18,"N",0,"Lose","N","Chew Han Ei",432,-45,6,-331,404.571428571429,498,316,599669,6,3,31
"555","Tengku Asri",14,326,21,26,"N",0,"Lose","Y","Karen Richards",436,-110,6.5,-339,388,486,302,649661,3,2,25
"556","Theng Wai Mun",14,304,32,35,"N",0,"Lose","Y","Tan Mun Ri",455,-151,6,-517,328.571428571429,533,150,599483,3,3,33
"557","Tony Sim",14,412,8,4,"N",0,"Lose","N","Yeo Kian Hung",453,-41,8,176,451.785714285714,587,370,800176,3,4,13
"558","Yeo Kian Hung",14,453,4,8,"N",1,"Win","Y","Tony Sim",412,41,9,322,415.785714285714,556,299,900322,2,3,7
"559","Yong Jian Rong",14,280,11,10,"N",0,"Lose","N","Ricky Purnomo",509,-229,8,149,437.714285714286,543,263,800149,1,3,14
"560","Zz Bye",14,100,36,40,"Y",0,"Lose","Y","Sharon Chia",150,-50,0,-700,100,100,100,-700,16,-Inf,40
"561","Alastair Richards",15,436,11,2,"N",1,"Win","Y","Ricky Purnomo",416,20,10,813,466.466666666667,599,351,1000813,2,3,4
"562","Alex Tan",15,373,8,17,"N",0,"Lose","Y","Yeo Kian Hung",508,-135,9,5,404.066666666667,493,297,900005,3,8,12
"563","Ananto Widodo",15,347,34,37,"N",0,"Lose","Y","Mary Morgan",367,-20,4,-321,357.066666666667,419,150,399679,4,1,38
"564","Andri Prasetyo",15,150,40,38,"Y",1,"Win","N","Zz Bye",100,50,5,-1325,307.333333333333,422,150,498675,4,2,37
"565","Andy Kurnia",15,323,16,6,"N",0,"Lose","Y","Gabriel Cheang",550,-227,7.5,-372,406.2,512,292,749628,2,2,21
"566","Arul Inthirarajah",15,259,33,30,"N",0,"Lose","N","Shahrul Kamal",539,-280,6,-214,397.4,525,199,599786,4,3,32
"567","Cheah Siu Hean",15,380,20,7,"N",0,"Lose","N","Lee Cheong Cheng",390,-10,8,941,456,617,373,800941,2,3,13
"568","Chew Han Ei",15,368,24,23,"N",1,"Win","N","Neo Wei Sheng",352,16,8,-208,395.866666666667,456,307,799792,2,3,18
"569","Dianne Ward",15,377,19,22,"N",0,"Lose","Y","Poh Ying Ming",495,-118,8,95,411.4,496,288,800095,2,3,17
"570","Elizabeth Wok",15,443,32,29,"N",1,"Win","N","Tan Mun Ri",398,45,8,-240,390.2,507,299,799760,2,3,19
"571","Gabriel Cheang",15,550,6,16,"N",1,"Win","N","Andy Kurnia",323,227,8,791,443.933333333333,550,321,800791,2,2,14
"572","Gan Yi En",15,542,26,13,"N",1,"Win","Y","Tengku Asri",361,181,7,551,433.2,604,305,700551,3,2,22
"573","Goh Jiang Pern",15,341,25,14,"N",0,"Lose","Y","Leon Tan",460,-119,6,-154,394.266666666667,611,257,599846,4,2,31
"574","Hubert Wee",15,556,21,3,"N",1,"Win","N","Karen Richards",329,227,9,293,421.866666666667,556,322,900293,2,4,10
"575","J Goutham",15,492,5,9,"N",1,"Win","Y","Marlon Prudencio",491,1,11,498,431.133333333333,536,344,1100498,2,6,3
"576","Jeremy Khoo",15,358,27,15,"N",0,"Lose","Y","K Dorai Raja",418,-60,7,200,406.466666666667,488,306,700200,3,2,24
"577","Jessie Lim",15,378,35,28,"N",1,"Win","Y","Theng Wai Mun",373,5,7,-577,356.533333333333,526,150,699423,2,2,29
"578","K Dorai Raja",15,418,15,27,"N",1,"Win","N","Jeremy Khoo",358,60,8,139,428.6,563,329,800139,6,4,15
"579","Karen Richards",15,329,3,21,"N",0,"Lose","Y","Hubert Wee",556,-227,8,-339,384.266666666667,495,314,799661,2,3,20
"580","Lee Cheong Cheng",15,390,7,20,"N",1,"Win","Y","Cheah Siu Hean",380,10,10,100,406.866666666667,499,150,1000100,4,6,7
"581","Leon Tan",15,460,14,25,"N",1,"Win","N","Goh Jiang Pern",341,119,7,27,409,498,285,700027,3,3,25
"582","Marlon Prudencio",15,491,9,5,"N",0,"Lose","N","J Goutham",492,-1,10,428,443.266666666667,518,366,1000428,3,5,6
"583","Mary Morgan",15,367,37,34,"N",1,"Win","N","Ananto Widodo",347,20,6,-405,355.733333333333,491,150,599595,5,4,33
"584","Muhd Fari Husada",15,361,36,39,"N",0,"Lose","N","Sharon Chia",379,-18,4,-885,336.8,449,150,399115,4,1,39
"585","Neo Wei Sheng",15,352,23,24,"N",0,"Lose","Y","Chew Han Ei",368,-16,7,-78,417.4,484,352,699922,3,3,26
"586","Nicholas Hong",15,484,18,31,"N",1,"Win","Y","Tay Jing En",395,89,7,-370,373.8,484,150,699630,3,2,28
"587","Nigel Richards",15,393,12,1,"N",0,"Lose","N","Ron Baginski",452,-59,11,1123,464.533333333333,599,329,1101123,2,7,1
"588","Poh Ying Ming",15,495,22,19,"N",1,"Win","N","Dianne Ward",377,118,9,491,407.2,570,150,900491,3,5,9
"589","Ricky Purnomo",15,416,2,11,"N",0,"Lose","N","Alastair Richards",436,-20,9,719,434.4,593,150,900719,2,4,8
"590","Ron Baginski",15,452,1,12,"N",1,"Win","Y","Nigel Richards",393,59,11,654,447.533333333333,522,349,1100654,2,5,2
"591","Shahrul Kamal",15,539,30,33,"N",1,"Win","Y","Arul Inthirarajah",259,280,7,395,401.866666666667,558,150,700395,3,2,23
"592","Sharon Chia",15,379,39,36,"N",1,"Win","Y","Muhd Fari Husada",361,18,5,-976,283,413,150,499024,6,3,36
"593","Tan Mun Ri",15,398,29,32,"N",0,"Lose","Y","Elizabeth Wok",443,-45,7,-369,380.066666666667,464,261,699631,3,3,27
"594","Tay Jing En",15,395,31,18,"N",0,"Lose","N","Nicholas Hong",484,-89,6,-420,403.933333333333,498,316,599580,6,3,34
"595","Tengku Asri",15,361,13,26,"N",0,"Lose","N","Gan Yi En",542,-181,6.5,-520,386.2,486,302,649480,3,2,30
"596","Theng Wai Mun",15,373,28,35,"N",0,"Lose","N","Jessie Lim",378,-5,6,-522,331.533333333333,533,150,599478,3,3,35
"597","Tony Sim",15,472,10,4,"N",0,"Lose","N","Yong Jian Rong",520,-48,8,128,453.133333333333,587,370,800128,3,4,16
"598","Yeo Kian Hung",15,508,17,8,"N",1,"Win","N","Alex Tan",373,135,10,457,421.933333333333,556,299,1000457,2,3,5
"599","Yong Jian Rong",15,520,4,10,"N",1,"Win","Y","Tony Sim",472,48,9,197,443.2,543,263,900197,1,3,11
"600","Zz Bye",15,100,38,40,"Y",0,"Lose","Y","Andri Prasetyo",150,-50,0,-750,100,100,100,-750,16,-Inf,40
"601","Alastair Richards",16,447,9,2,"N",1,"Win","Y","J Goutham",326,121,11,934,465.25,599,351,1100934,2,3,2
"602","Alex Tan",16,537,10,17,"N",1,"Win","N","Yong Jian Rong",428,109,10,114,412.375,537,297,1000114,3,8,9
"603","Ananto Widodo",16,331,38,37,"N",0,"Lose","Y","Andri Prasetyo",492,-161,4,-482,355.4375,419,150,399518,4,1,39
"604","Andri Prasetyo",16,492,37,38,"N",1,"Win","N","Ananto Widodo",331,161,6,-1164,318.875,492,150,598836,4,2,36
"605","Andy Kurnia",16,509,13,6,"N",1,"Win","Y","Gan Yi En",417,92,8.5,-280,412.625,512,292,849720,2,2,17
"606","Arul Inthirarajah",16,392,14,30,"N",0,"Lose","Y","Goh Jiang Pern",512,-120,6,-334,397.0625,525,199,599666,4,3,34
"607","Cheah Siu Hean",16,511,16,7,"N",1,"Win","N","Gabriel Cheang",454,57,9,998,459.4375,617,373,900998,2,3,10
"608","Chew Han Ei",16,511,22,23,"N",1,"Win","Y","Dianne Ward",355,156,9,-52,403.0625,511,307,899948,2,3,15
"609","Dianne Ward",16,355,23,22,"N",0,"Lose","N","Chew Han Ei",511,-156,8,-61,407.875,496,288,799939,2,3,22
"610","Elizabeth Wok",16,427,21,29,"N",1,"Win","Y","Karen Richards",410,17,9,-223,392.5,507,299,899777,2,3,16
"611","Gabriel Cheang",16,454,7,16,"N",0,"Lose","Y","Cheah Siu Hean",511,-57,8,734,444.5625,550,321,800734,2,2,18
"612","Gan Yi En",16,417,6,13,"N",0,"Lose","N","Andy Kurnia",509,-92,7,459,432.1875,604,305,700459,3,2,26
"613","Goh Jiang Pern",16,512,30,14,"N",1,"Win","N","Arul Inthirarajah",392,120,7,-34,401.625,611,257,699966,4,2,28
"614","Hubert Wee",16,504,19,3,"N",1,"Win","N","Poh Ying Ming",344,160,10,453,427,556,322,1000453,2,4,7
"615","J Goutham",16,326,2,9,"N",0,"Lose","N","Alastair Richards",447,-121,11,377,424.5625,536,326,1100377,2,6,5
"616","Jeremy Khoo",16,424,33,15,"N",1,"Win","Y","Shahrul Kamal",333,91,8,291,407.5625,488,306,800291,3,2,19
"617","Jessie Lim",16,370,26,28,"N",0,"Lose","N","Tengku Asri",476,-106,7,-683,357.375,526,150,699317,2,2,33
"618","K Dorai Raja",16,381,4,27,"N",0,"Lose","N","Tony Sim",496,-115,8,24,425.625,563,329,800024,6,4,21
"619","Karen Richards",16,410,29,21,"N",0,"Lose","N","Elizabeth Wok",427,-17,8,-356,385.875,495,314,799644,2,3,23
"620","Lee Cheong Cheng",16,470,11,20,"N",1,"Win","N","Ricky Purnomo",360,110,11,210,410.8125,499,150,1100210,4,6,6
"621","Leon Tan",16,509,24,25,"N",1,"Win","N","Neo Wei Sheng",367,142,8,169,415.25,509,285,800169,3,3,20
"622","Marlon Prudencio",16,408,8,5,"N",0,"Lose","N","Yeo Kian Hung",570,-162,10,266,441.0625,518,366,1000266,3,5,8
"623","Mary Morgan",16,425,18,34,"N",1,"Win","N","Tay Jing En",301,124,7,-281,360.0625,491,150,699719,5,4,30
"624","Muhd Fari Husada",16,150,40,39,"Y",1,"Win","Y","Zz Bye",100,50,5,-835,325.125,449,150,499165,4,1,37
"625","Neo Wei Sheng",16,367,25,24,"N",0,"Lose","Y","Leon Tan",509,-142,7,-220,414.25,484,352,699780,3,3,29
"626","Nicholas Hong",16,417,32,31,"N",0,"Lose","Y","Tan Mun Ri",424,-7,7,-377,376.5,484,150,699623,3,2,31
"627","Nigel Richards",16,501,12,1,"N",1,"Win","Y","Ron Baginski",352,149,12,1272,466.8125,599,329,1201272,2,7,1
"628","Poh Ying Ming",16,344,3,19,"N",0,"Lose","Y","Hubert Wee",504,-160,9,331,403.25,570,150,900331,3,5,12
"629","Ricky Purnomo",16,360,20,11,"N",0,"Lose","Y","Lee Cheong Cheng",470,-110,9,609,429.75,593,150,900609,2,4,11
"630","Ron Baginski",16,352,1,12,"N",0,"Lose","N","Nigel Richards",501,-149,11,505,441.5625,522,349,1100505,2,5,4
"631","Shahrul Kamal",16,333,15,33,"N",0,"Lose","N","Jeremy Khoo",424,-91,7,304,397.5625,558,150,700304,3,2,27
"632","Sharon Chia",16,354,35,36,"N",0,"Lose","Y","Theng Wai Mun",392,-38,5,-1014,287.4375,413,150,498986,6,3,38
"633","Tan Mun Ri",16,424,31,32,"N",1,"Win","N","Nicholas Hong",417,7,8,-362,382.8125,464,261,799638,3,3,24
"634","Tay Jing En",16,301,34,18,"N",0,"Lose","Y","Mary Morgan",425,-124,6,-544,397.5,498,301,599456,6,3,35
"635","Tengku Asri",16,476,28,26,"N",1,"Win","Y","Jessie Lim",370,106,7.5,-414,391.8125,486,302,749586,3,2,25
"636","Theng Wai Mun",16,392,36,35,"N",1,"Win","N","Sharon Chia",354,38,7,-484,335.3125,533,150,699516,3,3,32
"637","Tony Sim",16,496,27,4,"N",1,"Win","Y","K Dorai Raja",381,115,9,243,455.8125,587,370,900243,3,4,13
"638","Yeo Kian Hung",16,570,5,8,"N",1,"Win","Y","Marlon Prudencio",408,162,11,619,431.1875,570,299,1100619,2,3,3
"639","Yong Jian Rong",16,428,17,10,"N",0,"Lose","Y","Alex Tan",537,-109,9,88,442.25,543,263,900088,1,3,14
"640","Zz Bye",16,100,39,40,"Y",0,"Lose","N","Muhd Fari Husada",150,-50,0,-800,100,100,100,-800,16,-Inf,40
